ID,Name,Planet,a_au,+a_au,-a_au,P_day,+P_day,-P_day,Mod,M_earth,+M_earth,-M_earth,M_earth_est,R_earth,+R_earth,-R_earth,R_earth_est,Detection,True M&R,Mass_determination,Reference,Ref,bibitem,Potential HZ,M_star (MSun),eM_star (Msun),est_a (au),e_a (au),Lbol,Lberr,Seff,e_Seff,Teq,e_Teq
1,GX And,b,0.072,0.003,-0.004,11.4407,0.0017,-0.0016,>,3.03,0.46,-0.44,3.03,,,,1.53,RV,false,,pinamonti18,Pin18,2018arXiv180403476P,false,,,,,0.02535898,3.96556E-4,4.892,0.102,413.9,8.7
2,K2-149,b,0.083,0.027,-0.027,11.332,0.0013,-0.0013,,,,,3.85,1.64,0.2,-0.18,1.64,PT,false,,hirano18,Hir18,2018AJ....155..127H,false,,,,,0.0676523,0.001746112,9.82,0.253,492.7,12.7
3,CD-44 170,b,0.101,0.009,-0.013,15.819,0.0049,-0.0026,>,13.0,4.1,-6.6,13.0,,,,3.63,RV,false,,tuomi14,Tuo14,2014MNRAS.441.1545T,false,,,,,0.045966536,8.70709E-4,4.506,0.198,405.5,17.8
4,LHS 1140,b,0.0875,0.0041,-0.0041,24.73712,2.5E-4,-2.5E-4,,6.65,1.82,-1.82,6.65,1.43,0.1,-0.1,1.43,PT+RV,true,Dit17+Dit17,dittman17,Dit17,2017Natur.544..333D,true,,,,,0.004425108,5.4841E-5,0.578,0.0072,242.7,3.0
5,LHS 1140,c,0.02675,7.0E-4,-7.0E-4,3.777931,6.0E-6,-6.0E-6,,1.81,0.39,-0.39,1.81,1.282,0.024,-0.024,1.28,PT+RV,true,Men18+Men18,ment18,Men18,2018arXiv180800485M,false,,,,,0.004425108,5.4841E-5,6.184,0.077,438.9,5.4
6,2MASS J01021226-6145216,b,0.03946,9.5E-4,-0.00168,3.7955213,1.1E-6,-1.1E-6,,,,,1749.9,12.106,0.179,-0.179,12.11,PT,false,,bakos18,Bak18,arXiv:1812.09406v1,false,,,,,0.025190203,5.51319E-4,16.178,1.135,558.2,39.2
7,BD+61 195,b,0.0905,0.0011,-0.0011,13.8508,0.0053,-0.0051,>,5.63,0.67,-0.68,5.63,,,,2.25,RV,false,,perger19,Per19,arXiv:1903.04808v1,false,,,,,0.04524118,9.54708E-4,5.524,0.117,426.7,9.0
8,YZ Cet,b,0.01557,5.2E-4,-5.2E-4,1.96876,2.1E-4,-2.1E-4,>,0.75,0.13,-0.13,0.75,,,,0.93,RV,false,,astudillo-defru17,Ast17a,2017A&A...605L..11A,false,,,,,0.002200311,3.4517E-5,9.076,0.142,483.1,7.6
9,YZ Cet,c,0.0209,7.0E-4,-7.0E-4,3.06008,2.2E-4,-2.2E-4,>,0.98,0.14,-0.14,0.98,,,,1.0,RV,false,,astudillo-defru17,Ast17a,2017A&A...605L..11A,false,,,,,0.002200311,3.4517E-5,5.037,0.079,417.0,6.5
10,YZ Cet,d,0.02764,9.3E-4,-9.3E-4,4.65627,4.2E-4,-4.2E-4,>,1.14,0.17,-0.17,1.14,,,,1.05,RV,false,,astudillo-defru17,Ast17a,2017A&A...605L..11A,true,,,,,0.002200311,3.4517E-5,2.88,0.045,362.6,5.7
11,K2-150,b,0.0727,0.0027,-0.0027,10.59357,8.4E-4,-8.4E-4,,,,,5.26,2.0,0.27,-0.21,2.0,PT,false,,hirano18,Hir18,2018AJ....155..127H,false,,,,,0.022433111,5.47873E-4,4.244,0.104,399.5,9.8
12,K2-151,b,0.0365,0.0014,-0.0014,3.835592,2.3E-5,-2.3E-5,,,,,2.44,1.35,0.16,-0.14,1.35,PT,false,,hirano18,Hir18,2018AJ....155..127H,false,,,,,0.032620076,4.56381E-4,24.485,0.343,619.1,8.7
13,BD-17 400,b,0.0197,5.0E-4,-5.0E-4,1.22003,6.0E-5,-4.0E-5,>,1.78,0.34,-0.33,1.78,,,,1.2,RV,false,,astudillo-defru17,Ast17b,2017A&A...602A..88A,false,,,,,0.08350851,0.001323172,215.176,3.41,1066.0,16.9
14,BD-17 400,c,0.057,0.001,-0.001,5.974,0.001,-0.001,>,4.18,0.61,-0.59,4.18,,,,1.88,RV,false,,astudillo-defru17,Ast17b,2017A&A...602A..88A,false,,,,,0.08350851,0.001323172,25.703,0.407,626.7,9.9
15,BD-17 400,d,0.698,0.018,-0.019,257.8,3.6,-3.5,>,10.5,2.3,-2.1,10.5,,,,3.21,RV,false,,astudillo-defru17,Ast17b,2017A&A...602A..88A,false,,,,,0.08350851,0.001323172,0.1714,0.0027,179.1,2.8
16,GJ 96,b,0.291,0.005,-0.005,73.94,0.33,-0.38,>,19.66,2.2,-2.3,19.66,,,,4.74,RV,false,,hobson18,Hob18,2018arXiv180610958H,true,,,,,0.06385681,9.42206E-4,0.754,0.011,259.4,3.8
17,CD-23 1056,b,0.25,0.01,-0.01,53.435,0.042,-0.042,>,114.0,22.0,-22.0,114.0,,,,13.06,RV,false,,stassun17,Sta17,2017AJ....153..136S,true,,,,,0.090805605,0.001259944,1.453,0.02,305.6,4.2
18,LP 413-32 B,b,0.164,0.03,-0.03,31.393463,6.7E-5,-6.9E-5,,,,,4.01,1.7,0.36,-0.36,1.7,PT,false,,feinstein19,Fei19,arXiv:1902.02789v1,false,,,,,0.03640445,0.001778109,1.354,0.066,300.2,14.7
19,BD-21 784,b,0.053,0.004,-0.007,5.2354,0.0027,-0.0065,>,10.2,7.2,-4.1,10.2,,,,3.1,RV,false,,tuomi14,Tuo14,2014MNRAS.441.1545T,false,,,,,0.13715929,0.002161204,48.828,2.869,735.7,43.2
20,LPM 178,b,0.0607,1.0E-5,-1.0E-5,8.633,0.00155,-0.00155,>,10.6,0.06,-0.06,10.6,,,,3.29,RV,false,,bonfils13,Bon13b,2013A&A...556A.110B,false,,,,,0.02169785,3.73668E-4,5.889,0.101,433.6,7.5
21,LPM 178,c,0.1254,1.0E-4,-1.0E-4,25.645,0.0235,-0.0235,>,6.8,0.9,-0.9,6.8,,,,2.52,RV,false,,bonfils13,Bon13b,2013A&A...556A.110B,true,,,,,0.02169785,3.73668E-4,1.38,0.024,301.6,5.2
22,LPM 178,d,1.0304,0.0086,-0.0086,660.89,7.56,-7.56,>,29.4,2.9,-2.9,29.4,,,,5.91,RV,false,,bonfils13,Bon13b,2013A&A...556A.110B,false,,,,,0.02169785,3.73668E-4,0.02044,3.5E-4,105.2,1.8
23,Melotte 25 VA 50,b,0.0299,5.0E-4,-5.0E-4,3.484552,3.1E-5,-3.7E-5,,,,,11.56,3.43,0.95,-0.31,3.43,PT,false,,mann16,Man16a,2016ApJ...818...46M,false,0.294,0.021,0.0299,5.0E-4,0.007762589,1.3121E-4,8.677,0.147,477.7,8.1
24,HG 8-15,b,0.0562,0.0013,-0.0014,6.342,0.002,-0.002,,,,,4.36,1.8,0.2,-0.1,1.8,PT,false,Theoretical,diez-alonso18,Die18,2018arXiv180106249D,false,,,,,0.09984458,0.001523523,31.612,0.486,659.9,10.1
25,HG 8-15,c,0.0946,0.0031,-0.003,13.85,0.006,-0.006,,,,,7.33,2.6,0.7,-0.2,2.6,PT,false,Theoretical,diez-alonso18,Die18,2018arXiv180106249D,false,,,,,0.09984458,0.001523523,11.157,0.171,508.7,7.8
26,HG 8-15,d,0.1937,0.0064,-0.0059,40.718,0.005,-0.005,,,,,4.84,1.9,0.7,-0.2,1.9,PT,false,Theoretical,diez-alonso18,Die18,2018arXiv180106249D,true,,,,,0.09984458,0.001523523,2.661,0.041,355.5,5.5
27,LP 834-042,b,0.14339,3.0E-5,-3.0E-5,30.5987,0.0083,-0.0084,>,23.54,0.88,-0.89,23.54,,,,5.14,RV,false,,astudillo-defru17,Ast17b,2017A&A...602A..88A,true,,,,,0.027579645,3.91141E-4,1.341,0.019,299.5,4.2
28,LP 834-042,c,0.36175,4.8E-4,-4.7E-4,122.6196,0.2429,-0.2371,>,21.09,1.24,-1.26,21.09,,,,4.88,RV,false,,astudillo-defru17,Ast17b,2017A&A...602A..88A,false,,,,,0.027579645,3.91141E-4,0.2108,0.003,188.6,2.7
29,LP 834-042,d,0.19394,1.7E-4,-1.8E-4,48.1345,0.0628,-0.0661,>,7.6,1.05,-1.05,7.6,,,,2.63,RV,false,,astudillo-defru17,Ast17b,2017A&A...602A..88A,true,,,,,0.027579645,3.91141E-4,0.733,0.01,257.5,3.7
30,LP 834-042,e,0.08208,3.0E-5,-4.0E-5,13.2543,0.0078,-0.0124,>,3.28,0.64,-0.64,3.28,,,,1.62,RV,false,,astudillo-defru17,Ast17b,2017A&A...602A..88A,false,,,,,0.027579645,3.91141E-4,4.094,0.058,395.9,5.6
31,LEHPM 3808,b,0.0306,0.0033,-0.0057,3.36008,6.5E-5,-7.0E-5,,,,,1.98,1.247,0.089,-0.083,1.25,PT,false,,gunther19,Gun19,arXiv:1903.06107v1,false,,,,,0.016756214,2.81032E-4,17.895,1.435,572.4,45.9
32,LEHPM 3808,c,0.0472,0.003,-0.0033,5.660172,3.5E-5,-3.5E-5,,,,,6.88,2.42,0.13,-0.13,2.42,PT,false,,gunther19,Gun19,arXiv:1903.06107v1,false,,,,,0.016756214,2.81032E-4,7.521,0.135,460.9,8.3
33,LEHPM 3808,d,0.0733,0.0042,-0.0042,11.38014,1.1E-4,-1.0E-4,,,,,5.48,2.13,0.12,-0.12,2.13,PT,false,,gunther19,Gun19,arXiv:1903.06107v1,false,,,,,0.016756214,2.81032E-4,3.119,0.052,369.9,6.2
34,LP 358-499,b,0.033,0.002,-0.002,3.0712,1.0E-4,-1.0E-4,,,,,2.29,1.31,0.08,-0.08,1.31,PT,false,,wells17,Wel17,2018MNRAS.473L.131W,false,,,,,0.035129562,4.22796E-4,32.258,0.388,663.3,8.0
35,LP 358-499,c,0.045,0.003,-0.003,4.8682,1.0E-4,-3.0E-4,,,,,3.07,1.48,0.09,-0.09,1.48,PT,false,,wells17,Wel17,2018MNRAS.473L.131W,false,,,,,0.035129562,4.22796E-4,17.348,0.209,568.0,6.8
36,LP 358-499,d,0.077,0.005,-0.005,11.0234,8.0E-4,-3.0E-4,,,,,5.15,2.02,0.13,-0.13,2.02,PT,false,,wells17,Wel17,2018MNRAS.473L.131W,false,,,,,0.035129562,4.22796E-4,5.925,0.071,434.2,5.2
37,HD 285968,b,0.066,0.001,-0.001,8.776,0.001,-0.002,>,9.06,1.54,-0.7,9.06,,,,2.87,RV,false,,trifonov18,Tri18,2018A&A...609A.117T,false,,,,,0.036480512,7.30347E-4,8.375,0.168,473.5,9.5
38,Wolf 1539,b,2.41,0.04,-0.04,2288.0,59.0,-59.0,>,260.61,22.25,-22.25,260.61,,,,13.91,RV,false,,howard10,How10,2010ApJ...721.1467H,false,,,,,0.015764328,3.04194E-4,0.002714,5.2E-5,63.5,1.2
39,LP 776-27,b,0.103,0.006,-0.014,17.38,0.018,-0.002,>,8.3,3.5,-5.3,8.3,,,,2.81,RV,false,,tuomi14,Tuo14,2014MNRAS.441.1545T,true,,,,,0.024274724,3.62934E-4,2.288,0.181,342.3,27.1
40,LP 776-27,c,0.129,0.007,-0.0017,24.329,0.052,-0.066,>,6.4,3.7,-4.1,6.4,,,,2.43,RV,false,,tuomi14,Tuo14,2014MNRAS.441.1545T,true,,,,,0.024274724,3.62934E-4,1.459,0.064,305.9,13.4
41,LP 656-38,b,0.03282,5.4E-4,-5.6E-4,5.3636,7.0E-4,-7.0E-4,>,2.02,0.26,-0.25,2.02,,,,1.23,RV,false,,astudillo-defru17,Ast17b,2017A&A...602A..88A,false,,,,,0.003654171,5.2749E-5,3.392,0.049,377.7,5.5
42,LP 656-38,c,0.1264,0.0021,-0.0022,40.54,0.21,-0.19,>,2.31,0.5,-0.49,2.31,,,,1.32,RV,false,,astudillo-defru17,Ast17b,2017A&A...602A..88A,false,,,,,0.003654171,5.2749E-5,0.2287,0.0033,192.5,2.8
43,Kapteyn's star,b,0.168,0.006,-0.008,48.616,0.036,-0.036,>,4.8,0.9,-1.0,4.8,,,,1.98,RV,false,,anglada14,Ang14,2014MNRAS.443L..89A,true,,,,,0.012805443,3.53949E-4,0.454,0.014,228.4,6.9
44,Kapteyn's star,c,0.311,0.038,-0.014,121.54,0.25,-0.25,>,7.0,1.2,-1.0,7.0,,,,2.54,RV,false,,anglada14,Ang14,2014MNRAS.443L..89A,false,,,,,0.012805443,3.53949E-4,0.132,0.011,167.9,13.8
45,LP 892-26,b,0.089,,,14.207,0.007,-0.007,>,6.6,0.01,-0.01,6.6,,,,2.43,RV,false,,astudillo-defru15,Ast15,2015A&A...575A.119A,false,,,,,0.0321492,5.08344E-4,4.059,,395.0,
46,NGTS-1,b,0.0326,0.0047,-0.0045,2.647298,2.0E-5,-2.0E-5,,,,,958.92,14.91,6.84,-3.7,14.91,PT,false,Theoretical,bayliss18,Bay18,2018MNRAS.475.4467B,false,,,,,0.06787699,0.001400719,63.868,1.375,786.8,16.9
47,HATS-6,b,0.03623,4.2E-4,-5.7E-4,3.3252725,2.1E-6,-2.1E-6,,101.4,22.2,-22.2,101.4,11.19,0.21,-0.21,11.19,PT+RV,true,Har15+Har15,hartman15,Har15,2015AJ....149..166H,false,,,,,0.07023512,0.001537258,53.507,1.192,752.7,16.8
48,BD-06 1339,b,0.0428,7.0E-4,-7.0E-4,3.8728,4.0E-4,-4.0E-4,>,8.5,1.3,-1.3,8.5,,,,2.81,RV,false,,locurto13,LoC13,2013A&A...551A..59L,false,,,,,0.10393205,0.002418476,56.736,1.32,763.9,17.8
49,BD-06 1339,c,0.457,0.007,-0.007,125.95,0.44,-0.44,>,53.0,8.0,-8.0,53.0,,,,8.42,RV,false,,locurto13,LoC13,2013A&A...551A..59L,true,,,,,0.10393205,0.002418476,0.498,0.012,233.8,5.4
50,HD 42581,b,0.97,0.12,-0.09,471.0,22.0,-12.0,>,32.0,17.0,-16.0,32.0,,,,6.21,RV,false,,tuomi14,Tuo14,2014MNRAS.441.1545T,false,,,,,0.054162834,0.002817603,0.0576,0.0035,136.3,8.3
51,PM J06168+2435,b,0.0962,0.0054,-0.0061,14.5665,0.0016,-0.002,,,,,7.64,2.67,0.46,-0.42,2.67,PT,false,,schlieder16,Sch16,2016ApJ...818...87S,false,,,,,0.04435258,8.992E-4,4.793,0.103,411.8,8.9
52,Luyten's star,b,0.091101,1.9E-5,-1.7E-5,18.6498,0.0059,-0.0052,>,2.89,0.27,-0.26,2.89,,,,1.45,RV,false,,astudillo-defru17,Ast17b,2017A&A...602A..88A,true,,,,,0.00990013,3.52139E-4,1.193,0.042,290.9,10.3
53,Luyten's star,c,0.036467,2.0E-6,-2.0E-6,4.7234,4.0E-4,-4.0E-4,>,1.18,0.16,-0.16,1.18,,,,1.06,RV,false,,astudillo-defru17,Ast17b,2017A&A...602A..88A,false,,,,,0.00990013,3.52139E-4,7.445,0.265,459.7,16.4
54,LP 424-4,b,0.0348,0.0014,-0.0014,3.33714,1.7E-4,-1.7E-4,,14.0,1.7,-1.7,14.0,4.2,0.6,-0.6,4.2,PT+RV,true,Bon12+Bon12,bonfils12,Bon12,2012A&A...546A..27B,false,,,,,0.04005411,4.94522E-4,33.0739,0.4085,667.4,8.2
55,NGC 2632 JS 183,b,0.0653,0.0039,-0.0045,10.13389,6.8E-4,-7.7E-4,,,,,11.81,3.47,0.78,-0.53,3.47,PT,false,Theoretical,obermeier16,Obe16,2016AJ....152..223O,false,,,,,0.02189585,0.00112927,5.135,0.269,419.0,21.9
56,K2-146,b,0.0266,0.001,-0.001,2.644646,4.3E-5,-4.3E-5,,,,,5.48,2.2,0.23,-0.23,2.2,PT,false,,hirano18,Hir18,2018AJ....155..127H,false,,,,,0.012361711,2.7231E-4,17.471,0.385,569.0,12.5
57,LP 844-8,b,1.15,0.05,-0.05,692.0,2.0,-2.0,>,572.07,15.89,-15.89,572.07,,,,13.31,RV,false,,anglada12,Ang12,2012ApJ...746...37A,false,,,,,0.022412438,3.78275E-4,0.01695,2.9E-4,100.4,1.7
58,LP 844-8,c,5.5,,,7100.0,8000.0,-1500.0,>,509.0,,,509.0,,,,13.53,RV,false,,anglada12,Ang12,2012ApJ...746...37A,false,,,,,0.022412438,3.78275E-4,7.4E-4,,45.9,
59,NGC 2632 JS 597,b,0.05023,4.2E-4,-4.3E-4,5.840002,6.76E-4,-6.02E-4,,,,,5.83,2.231,0.151,-0.145,2.23,PT,false,,livingston18,Liv18,2018arXiv180901968L,false,,,,,0.03170506,9.52597E-4,12.566,0.378,524.0,15.7
60,NGC 2632 JS 597,c,0.11283,9.5E-4,-9.7E-4,19.660302,0.003496,-0.003337,,,,,7.64,2.668,0.201,-0.194,2.67,PT,false,,livingston18,Liv18,2018arXiv180901968L,true,,,,,0.03170506,9.52597E-4,2.49,0.075,349.6,10.5
61,BD+02 2098,b,4.5,0.2,-0.2,4100.0,300.0,-300.0,>,2.3,0.13,-0.13,2.3,,,,1.32,RV,false,,robertson13,Rob13,2013ApJ...774..147R,false,,,,,0.09945745,0.001217677,0.004911,6.0E-5,73.68,0.9
62,K2-117,b,0.019,0.001,-0.001,1.291505,4.0E-5,-4.0E-5,,,,,4.84,1.96,0.12,-0.12,1.96,PT,false,,dressing17,Dre17,2017AJ....154..207D,false,,,,,0.044440065,9.42091E-4,123.102,2.61,927.1,19.7
63,K2-117,c,0.051,0.002,-0.002,5.44482,3.97E-4,-4.17E-4,,,,,5.26,2.03,0.13,-0.13,2.03,PT,false,,dressing17,Dre17,2017AJ....154..207D,false,,,,,0.044440065,9.42091E-4,17.086,0.362,565.9,12.0
64,BD+48 1829,b,0.039435,2.3E-4,-2.3E-4,3.822,0.001,-0.001,>,13.02,2.03,-2.01,13.02,,,,3.62,RV,false,,Hobson19,Hob19,arXiv:1902.05998v1,false,,,,,0.057657912,0.001048313,37.076,0.674,686.8,12.5
65,LTT 3758,b,0.0153,5.0E-4,-5.0E-4,1.628931,2.7E-5,-2.7E-5,,1.66,0.23,-0.23,1.66,1.43,0.16,-0.16,1.43,PT+RV,true,Sou17+Bon18,southwest17;bonfils18,Sou17;Bon18,2018arXiv180603870B;2017AJ....153..191S,false,,,,,0.004652973,5.8015E-5,19.877,0.248,587.7,7.3
66,LTT 3758,c,0.0476,0.0017,-0.0017,8.929,0.01,-0.01,>,2.64,0.44,-0.44,2.64,,,,1.4,RV,false,,bonfils18,Bon18b,2018arXiv180603870B,true,,,,,0.004652973,5.8015E-5,2.054,0.026,333.2,4.2
67,K2-239,b,0.0441,8.0E-4,-8.0E-4,5.24,0.001,-0.001,,,,,1.31,1.1,0.1,-0.1,1.1,PT,false,Theoretical,diez18,Die18,2018MNRAS.tmpL.105D,false,,,,,0.007190233,9.355E-5,3.697,0.048,385.9,5.0
68,K2-239,c,0.0576,9.0E-4,-9.0E-4,7.775,0.001,-0.001,,,,,1.06,1.0,0.1,-0.1,1.0,PT,false,Theoretical,diez18,Die18,2018MNRAS.tmpL.105D,true,,,,,0.007190233,9.355E-5,2.167,0.028,337.7,4.4
69,K2-239,d,0.0685,0.0012,-0.0012,10.115,0.001,-0.001,,,,,1.42,1.1,0.1,-0.1,1.1,PT,false,Theoretical,diez18,Die18,2018MNRAS.tmpL.105D,true,,,,,0.007190233,9.355E-5,1.532,0.02,309.7,4.0
70,LP 905-36,b,0.0287,0.001,-0.0011,2.64561,6.6E-4,-6.6E-4,,7.0,0.9,-0.8,7.0,,,,2.54,RV,false,,bonfils11,Bon11,2011A&A...528A.111B,false,,,,,0.028844314,4.45976E-4,35.018,0.555,677.0,10.7
71,Lalande 21185,b,0.0695,,,9.8693,0.0016,-0.0016,>,3.8,,,3.8,,,,1.75,RV,false,,butler17,But17,2017AJ....153..208B,false,0.46,,0.0695,,0.018534856,0.001301844,3.836,,389.5,
72,Innes' star,b,0.119,0.014,-0.009,26.161,0.082,-0.098,>,9.9,5.6,-4.0,9.9,,,,3.13,RV,false,,tuomi14,Tuo14,2014MNRAS.441.1545T,true,,,,,0.017896352,2.5138E-4,1.264,0.056,295.1,13.1
73,K2-22,b,0.009,,,0.381078,3.0E-6,-3.0E-6,,,,,20.24,4.75,0.35,-0.36,4.75,PT,false,,dressing17,Dre17,2017AJ....154..207D,false,,,,,0.0809611,0.003038549,999.511,,1564.9,
74,PM J11293-0127,b,0.0769,0.0039,-0.0039,10.05449,2.6E-4,-2.6E-4,,8.4,2.1,-2.1,8.4,2.18,0.3,-0.3,2.18,PT+RV,true,Sin16+Alm15,almenara15;sinukoff16,Alm15;Sin16,2016ApJ...827...78S;2015A&A...581L...7A,false,,,,,0.0603475,0.001204621,10.205,0.204,497.4,9.9
75,PM J11293-0127,c,0.1399,0.007,-0.007,24.64354,0.00117,-0.00117,,2.1,2.1,-1.3,2.1,1.85,0.27,-0.27,1.85,PT+RV,true,Sin16+Alm15,almenara15;sinukoff16,Alm15;Sin16,2016ApJ...827...78S;2015A&A...581L...7A,true,,,,,0.0603475,0.001204621,3.083,0.062,368.8,7.4
76,PM J11293-0127,d,0.2076,0.0104,-0.0104,44.55983,0.0059,-0.0059,,11.1,3.5,-3.5,11.1,1.51,0.23,-0.23,1.51,PT+RV,true,Sin16+Alm15,almenara15;sinukoff16,Alm15;Sin16,2016ApJ...827...78S;2015A&A...581L...7A,true,,,,,0.0603475,0.001204621,1.4,0.028,302.8,6.0
77,PM J11302+0735,b,0.1429,0.006,-0.0065,32.939614,1.01E-4,-8.4E-5,,8.43,1.44,-1.35,8.43,2.38,0.22,-0.22,2.38,PT+RV,true,Clo17+Sar18,cloutier17;sarkis18,Clo17;Sar18,2018arXiv180500830S;2017A&A...608A..35C,true,,,,,0.026395837,4.19454E-4,1.293,0.021,296.8,4.8
78,PM J11302+0735,c,0.06,0.003,-0.003,8.962,0.008,-0.008,>,7.51,1.33,-1.33,7.51,,,,2.66,RV,false,,cloutier17,Clo17,2017A&A...608A..35C,false,,,,,0.026395837,4.19454E-4,7.332,0.117,458.0,7.3
79,CD-31 9113,b,0.06,0.004,-0.008,7.3697,0.0034,-0.0036,>,5.3,2.0,-1.9,5.3,,,,2.19,RV,false,,tuomi14,Tuo14,2014MNRAS.441.1545T,false,,,,,0.033954147,5.18532E-4,9.432,0.645,487.7,33.4
80,CD-31 9113,c,3.6,,,3693.0,253.0,-253.0,>,44.6,,,44.6,,,,7.73,RV,false,,delfosse13,Del13,2013A&A...553A...8D,false,,,,,0.033954147,5.18532E-4,0.0026,,63.0,
81,Ross 1003,b,0.166,0.001,-0.001,41.38,0.002,-0.001,>,96.7,1.41,-1.02,96.7,,,,11.94,RV,false,,trifonov18,Tri18,2018A&A...609A.117T,true,,,,,0.01498976,1.68513E-4,0.544,0.0061,239.0,2.7
82,Ross 1003,c,0.912,0.005,-0.002,532.58,4.14,-2.52,>,68.06,4.91,-2.19,68.06,,,,9.4,RV,false,,trifonov18,Tri18,2018A&A...609A.117T,false,,,,,0.01498976,1.68513E-4,0.01802,2.1E-4,102.0,1.2
83,Ross 905,b,0.028,0.001,-0.001,2.644,0.001,-0.001,>,21.36,0.2,-0.21,21.36,4.17,0.168,-0.168,4.17,PT+RV,true,Mac14+Tri18,maciejewski14;trifonov18,Mac14;Tri18,2018A&A...609A.117T;2014AcA....64..323M,false,,,,,0.023894517,3.54562E-4,30.477,0.452,653.9,9.7
84,LP 613-39,b,0.091,0.013,-0.016,18.4498,0.0015,-0.0015,,,,,5.83,2.25,0.53,-0.96,2.25,PT,false,,schlieder16,Sch16,2016ApJ...818...87S,true,,,,,0.012170071,1.97673E-4,1.47,0.054,306.4,11.3
85,FI Vir,b,0.0496,0.0017,-0.0017,9.8658,0.007,-0.007,>,1.4,0.21,-0.21,1.4,,,,1.11,RV,false,,bonfils18,Bon18a,2018A&A...613A..25B,true,,,,,0.003826916,5.5805E-5,1.556,0.023,310.8,4.5
86,K2-152,b,0.1735,0.0054,-0.0054,32.6527,0.0035,-0.0035,,,,,8.3,2.81,0.34,-0.3,2.81,PT,false,,hirano18,Hir18,2018AJ....155..127H,true,,,,,0.088614605,0.001613691,2.944,0.054,364.6,6.6
87,K2-153,b,0.0601,0.0021,-0.0021,7.51554,9.8E-4,-9.8E-4,,,,,4.89,2.0,0.26,-0.22,2.0,PT,false,,hirano18,Hir18,2018AJ....155..127H,false,,,,,0.053529203,0.00120141,14.82,0.333,546.1,12.3
88,K2-137,b,0.0058,6.0E-4,-6.0E-4,0.179715,6.0E-6,-6.0E-6,,,,,0.65,0.89,0.09,-0.09,0.89,PT,false,Theoretical,smith18,Smi18,2018MNRAS.474.5523S,false,,,,,0.02830447,6.13305E-4,841.386,18.234,1499.0,32.5
89,K2-154,b,0.0408,0.0012,-0.0012,3.67635,1.7E-4,-1.7E-4,,,,,6.08,2.23,0.37,-0.24,2.23,PT,false,,hirano18,Hir18,2018AJ....155..127H,false,,,,,0.098288655,0.001599415,59.045,0.961,771.5,12.6
90,K2-154,c,0.0683,0.0021,-0.0021,7.95478,6.3E-4,-6.3E-4,,,,,5.48,2.1,0.25,-0.23,2.1,PT,false,,hirano18,Hir18,2018AJ....155..127H,false,,,,,0.098288655,0.001599415,21.07,0.343,596.3,9.7
91,Ross 1020,b,0.026,0.001,-0.001,3.023,0.001,-0.001,>,7.0,0.5,-0.5,7.0,,,,2.54,RV,false,,luque18,Luq18,2018arXiv181007572L,false,,,,,0.008221284,1.04751E-4,12.162,0.155,519.7,6.6
92,HD 122303,b,0.067,0.001,-0.001,8.708,0.002,-0.001,>,6.51,0.69,-0.4,6.51,,,,2.42,RV,false,,trifonov18,Tri18,2018A&A...609A.117T,false,,,,,0.04335241,7.21196E-4,9.657,0.161,490.6,8.2
93,Proxima Centauri,b,0.0485,0.0041,-0.0041,11.186,0.001,-0.001,>,1.27,0.19,-0.17,1.27,,,,1.07,RV,false,,anglada16,Ang16,2016Natur.536..437A,true,,,,,0.001536843,3.9461E-5,0.653,0.017,250.2,6.4
94,K2-240,b,0.0513,9.0E-4,-9.0E-4,6.034,0.001,-0.001,,,,,5.04,2.0,0.2,-0.1,2.0,PT,false,Theoretical,diez18,Die18,2018MNRAS.tmpL.105D,false,,,,,0.06284208,0.00153738,23.879,0.584,615.2,15.1
95,K2-240,c,0.1159,0.002,-0.002,20.523,0.001,-0.001,,,,,4.23,1.8,0.3,-0.1,1.8,PT,false,Theoretical,diez18,Die18,2018MNRAS.tmpL.105D,false,,,,,0.06284208,0.00153738,4.678,0.114,409.3,10.0
96,HO Lib,b,0.041,0.001,-0.001,5.368,0.001,-0.001,>,15.2,0.22,-0.27,15.2,,,,4.03,RV,false,,trifonov18,Tri18,2018A&A...609A.117T,false,,,,,0.012002537,1.67778E-4,7.14,0.1,455.0,6.4
97,HO Lib,c,0.074,0.001,-0.001,12.919,0.003,-0.002,>,5.652,0.386,-0.239,5.65,,,,2.2,RV,false,,trifonov18,Tri18,2018A&A...609A.117T,true,,,,,0.012002537,1.67778E-4,2.192,0.031,338.6,4.7
98,HO Lib,d,0.029,0.001,-0.001,3.153,0.001,-0.006,>,1.657,0.24,-0.161,1.66,,,,1.18,RV,false,,trifonov18,Tri18,2018A&A...609A.117T,false,,,,,0.012002537,1.67778E-4,14.272,0.2,541.0,7.6
99,K2-286,b,0.1768,0.0175,-0.0205,27.359,0.005,0.005,,,,,5.26,2.1,0.2,-0.2,2.1,PT,false,,diez-alonso19,Die19,2019arXiv190104739A,true,,,,,0.09036234,0.001247331,2.891,0.063,362.9,7.9
100,MCC 759,b,0.0608,0.0068,-0.0608,6.905,0.04,-0.004,>,7.14,0.59,-0.59,7.14,,,,2.67,RV,false,,perger17,Per17,2017A&A...608A..63P,false,,,,,0.06461768,7.30734E-4,17.48,15.526,569.1,505.5
101,USco J161014.7-191909,b,0.0409,0.0021,-0.0023,5.424865,3.5E-5,-3.1E-5,<,11.76,,,11.76,5.04,0.34,-0.37,5.04,PT+RV,true,Man16+Dav16,david16;mann16,Dav16;Man16b,2016Natur.534..658D;2016AJ....152...61M,false,,,,,0.10193934,0.003192109,60.938,1.931,777.6,24.6
102,LP 804-27,b,0.36,,,111.7,0.7,-0.7,>,667.415,,,667.41,,,,13.16,RV,false,,apps10,App10,2010PASP..122..156A,false,,,,,0.030184096,5.88056E-4,0.233,,193.3,
103,HD 147379,b,0.3193,2.0E-4,-2.0E-4,86.54,0.07,-0.06,>,24.7,1.8,-2.4,24.7,,,,5.28,RV,false,,reiners18,Rei18,2018A&A...609L...5R,true,,,,,0.0977543,0.00230612,0.959,0.023,275.4,6.5
104,MCC 767,b,0.078361,4.4E-5,-4.6E-5,14.628,0.012,-0.013,>,2.82,0.51,-0.51,2.82,,,,1.45,RV,false,,mascareno17,Mas17,2017A&A...605A..92S,true,,,,,0.014810723,2.05405E-4,2.412,0.033,346.8,4.8
105,V2306 Oph,b,0.0375,0.0012,-0.0013,4.8869,5.0E-4,-5.0E-4,>,1.91,0.26,-0.25,1.91,,,,1.23,RV,false,,astudillo-defru17,Ast17b,2017A&A...602A..88A,false,,,,,0.010823072,1.63852E-4,7.696,0.118,463.6,7.1
106,V2306 Oph,c,0.089,0.0029,-0.0031,17.8719,0.0059,-0.0059,>,3.41,0.43,-0.41,3.41,,,,1.66,RV,false,,astudillo-defru17,Ast17b,2017A&A...602A..88A,true,,,,,0.010823072,1.63852E-4,1.366,0.021,300.9,4.6
107,V2306 Oph,d,0.47,0.015,-0.017,217.21,0.55,-0.52,>,7.7,1.12,-1.06,7.7,,,,2.66,RV,false,,astudillo-defru17,Ast17b,2017A&A...602A..88A,false,,,,,0.010823072,1.63852E-4,0.04899,7.7E-4,130.9,2.1
108,BD+25 3173,b,1.135,0.035,-0.035,598.3,4.2,-4.2,>,104.244,10.17,-10.17,104.24,,,,12.46,RV,false,,johnson10,Jon10,2010PASP..122..149J,false,,,,,0.043439623,4.62429E-4,0.03372,3.6E-4,119.3,1.3
109,LHS 3275,b,0.01411,3.2E-4,-3.2E-4,1.58040456,1.6E-7,-1.6E-7,,6.55,0.98,-0.98,6.55,2.85,0.2,-0.2,2.85,PT+RV,true,Har13+Cha09,charbonneau09;harpsoe13,Cha09;Har13,2009Natur.462..891C; 2013A&A...549A..10H,false,,,,,0.003884549,5.0385E-5,19.511,0.253,584.9,7.6
110,BD+11 3149,b,0.029,0.001,-0.001,2.64977,8.1E-4,-7.7E-4,>,2.47,0.27,-0.27,2.47,,,,1.36,RV,false,,affer16,Aff16,2016A&A...593A.117A,false,,,,,0.046739582,0.00123018,55.576,1.463,759.9,20.0
111,BD+11 3149,c,0.089,0.003,-0.003,13.74,0.016,-0.016,>,6.26,0.79,-0.76,6.26,,,,2.36,RV,false,,affer16,Aff16,2016A&A...593A.117A,false,,,,,0.046739582,0.00123018,5.901,0.155,433.8,11.4
112,HD 156384 C,b,0.0505,0.0053,-0.0044,7.2004,0.0017,-0.0017,>,5.6,1.4,-1.3,5.6,,,,2.23,RV,false,,anglada13,Ang13,2013A&A...556A.126A,false,,,,,0.014945071,2.25279E-4,5.86,0.137,433.0,10.1
113,HD 156384 C,c,0.125,0.012,-0.013,28.14,0.03,-0.03,>,3.8,1.5,-1.2,3.8,,,,1.78,RV,false,,anglada13,Ang13,2013A&A...556A.126A,true,,,,,0.014945071,2.25279E-4,0.956,0.016,275.2,4.7
114,HD 156384 C,d,0.276,0.024,-0.03,91.61,0.81,-0.89,>,5.1,1.8,-1.7,5.1,,,,2.08,RV,false,,anglada13,Ang13,2013A&A...556A.126A,false,,,,,0.014945071,2.25279E-4,0.1962,0.0052,185.2,4.9
115,HD 156384 C,e,0.213,0.02,-0.02,62.24,0.55,-0.55,>,2.7,1.6,-1.4,2.7,,,,1.47,RV,false,,anglada13,Ang13,2013A&A...556A.126A,true,,,,,0.014945071,2.25279E-4,0.3294,0.005,210.9,3.2
116,HD 156384 C,f,0.156,0.014,-0.017,39.026,0.194,-0.211,>,2.7,1.4,-1.2,2.7,,,,1.42,RV,false,,anglada13,Ang13,2013A&A...556A.126A,true,,,,,0.014945071,2.25279E-4,0.614,0.015,246.4,6.0
117,HD 156384 C,g,0.549,0.052,-0.058,256.2,13.8,-7.9,>,4.6,2.6,-2.3,4.6,,,,1.98,RV,false,,anglada13,Ang13,2013A&A...556A.126A,false,,,,,0.014945071,2.25279E-4,0.04958,9.2E-4,131.3,2.4
118,CD-46 11540,b,0.039,,,4.6938,0.007,-0.007,>,11.09,,,11.09,,,,3.32,RV,false,,bonfils07,Bon07,2007A&A...474..293B,false,,,,,0.016744928,2.97483E-4,11.009,,507.0,
119,CD-51 10924,b,1.8049,0.0302,-0.0302,1051.1,0.5,-0.5,>,1497.9,2.9,-2.9,1497.9,,,,12.84,RV,false,,sahlmann16,Sah16,2016A&A...595A..77S,false,0.71,0.04,1.8049,0.0302,0.08999685,0.00162526,0.02763,5.0E-4,113.5,2.0
120,CD-51 10924,c,6.6675,0.4684,-0.4684,7462.9,105.4,-101.4,>,2190.0,32.0,-32.0,2190.0,,,,12.57,RV,false,,sahlmann16,Sah16,2016A&A...595A..77S,false,0.71,0.04,6.6675,0.4684,0.08999685,0.00162526,0.002024,3.7E-5,59.0,1.1
121,CD-51 10924,d,0.041,7.0E-4,-7.0E-4,3.6005,2.0E-4,-2.0E-4,>,4.4,0.3,-0.3,4.4,,,,1.94,RV,false,,sahlmann16,Sah16,2016A&A...595A..77S,false,0.71,0.04,0.041,7.0E-4,0.08999685,0.00162526,53.5,0.966,752.7,13.6
122,CD-51 10924,e,0.1882,0.0032,-0.0032,35.39,0.03,-0.04,>,8.1,0.7,-0.7,8.1,,,,2.71,RV,false,,sahlmann16,Sah16,2016A&A...595A..77S,true,0.71,0.04,0.1882,0.0032,0.08999685,0.00162526,2.541,0.046,351.4,6.3
123,BD+68 946,b,0.71,0.01,-0.01,38.14,0.015,-0.015,>,19.0,3.0,-3.0,19.0,,,,4.57,RV,false,,stassun17,Sta17,2017AJ....153..136S,false,,,,,0.0221078,4.91582E-4,0.0439,0.001,127.4,2.8
124,CD-44 11909,b,0.08,0.014,-0.004,17.478,0.062,-0.04,>,4.4,3.7,-2.4,4.4,,,,1.92,RV,false,,tuomi14,Tuo14,2014MNRAS.441.1545T,true,,,,,0.008118322,7.6651E-5,1.268,0.159,295.4,37.0
125,CD-44 11909,c,0.176,0.03,-0.009,57.32,0.45,-0.48,>,8.7,5.8,-4.6,8.7,,,,2.81,RV,false,,tuomi14,Tuo14,2014MNRAS.441.1545T,false,,,,,0.008118322,7.6651E-5,0.262,0.031,199.1,23.8
126,BD+18 3421,b,0.091,0.004,-0.004,15.53209,0.00166,-0.00167,>,7.1,0.9,-0.9,7.1,,,,2.58,RV,false,,affer19,Aff19,arXiv:1901.05338v2,false,,,,,0.027694719,0.001821031,3.344,0.22,376.4,24.7
127,Barnard's star,b,0.404,0.018,-0.018,232.8,0.38,-0.41,>,3.23,0.44,-0.44,3.23,,,,1.58,RV,false,,ribas18,Rib18,2018Natur.563..365R,false,0.163,0.022,,,0.003557644,7.1765E-5,0.0218,4.4E-4,107.0,2.0
128,Kepler-83,b,0.0785,,,9.770469,2.2E-5,-2.2E-5,,,,,7.03,2.53,0.16,-0.16,2.53,PT,false,,rowe14,Row14,2014ApJ...784...45R,false,0.6772,,0.0785,,0.091852166,0.00297621,,,,
129,Kepler-83,c,0.0514,,,5.169796,1.6E-5,-1.6E-5,,,,,4.74,1.94,0.13,-0.13,1.94,PT,false,,rowe14,Row14,2014ApJ...784...45R,false,0.6772,,0.0514,,0.091852166,0.00297621,,,,
130,Kepler-83,d,0.127,,,20.090227,1.02E-4,-1.02E-4,,,,,6.08,2.3,0.35,-0.35,2.3,PT,false,,rowe14,Row14,2014ApJ...784...45R,false,0.6772,,0.127,,0.091852166,0.00297621,,,,
131,Kepler-446,b,0.0159,7.0E-4,-7.0E-4,1.565409,3.3E-6,-3.3E-6,,,,,3.13,1.5,0.25,-0.25,1.5,PT,false,Theoretical,muirhead15,Mui15,2015ApJ...801...18M,false,0.22,0.05,0.0159,7.0E-4,0.004973995,9.8119E-5,19.605,0.387,585.7,11.6
132,Kepler-446,c,0.0248,0.0011,-0.0011,3.036179,5.5E-6,-5.5E-6,,,,,1.42,1.11,0.18,-0.18,1.11,PT,false,Theoretical,muirhead15,Mui15,2015ApJ...801...18M,false,0.22,0.05,0.0248,0.0011,0.004973995,9.8119E-5,8.105,0.16,469.6,9.3
133,Kepler-446,d,0.0352,0.0016,-0.0016,5.148921,2.2E-5,-2.2E-5,,,,,2.44,1.35,0.22,-0.22,1.35,PT,false,Theoretical,muirhead15,Mui15,2015ApJ...801...18M,false,0.22,0.05,0.0352,0.0016,0.004973995,9.8119E-5,4.008,0.079,393.8,7.8
134,Kepler-303,b,0.0265,,,1.937055,4.0E-6,-4.0E-6,,,,,0.66,0.89,0.05,-0.05,0.89,PT,false,,rowe14,Row14,2014ApJ...784...45R,false,0.6634,,0.0265,,0.08756187,0.001798174,,,,
135,Kepler-303,c,0.0628,,,7.061149,1.9E-5,-1.9E-5,,,,,1.55,1.14,0.09,-0.09,1.14,PT,false,,rowe14,Row14,2014ApJ...784...45R,false,0.6634,,0.0628,,0.08756187,0.001798174,,,,
136,Kepler-617,b,0.0233,,,1.682696148,1.112E-6,-1.112E-6,,,,,2.32,1.32,0.07,-0.07,1.32,PT,false,,morton16,Mor16,2016ApJ...822...86M,false,0.5983,,0.0233,,0.051232982,9.20756E-4,,,,
137,Kepler-236,b,0.0698,,,8.295611,3.2E-5,-3.2E-5,,,,,3.4,1.57,0.12,-0.12,1.57,PT,false,,rowe14,Row14,2014ApJ...784...45R,false,0.6598,,0.0698,,0.07550547,0.001811768,,,,
138,Kepler-236,c,0.1416,,,23.968127,1.74E-4,-1.74E-4,,,,,4.94,2.0,0.17,-0.17,2.0,PT,false,,rowe14,Row14,2014ApJ...784...45R,false,0.6598,,0.1416,,0.07550547,0.001811768,,,,
139,Kepler-235,b,0.035,,,3.340222,5.0E-6,-5.0E-6,,,,,5.83,2.23,0.1,-0.1,2.23,PT,false,,rowe14,Row14,2014ApJ...784...45R,false,,,,,0.08797254,0.003377069,71.814,,810.2,
140,Kepler-235,c,0.037,,,7.824904,5.5E-5,-5.5E-5,,,,,2.02,1.28,0.08,-0.08,1.28,PT,false,,rowe14,Row14,2014ApJ...784...45R,false,,,,,0.08797254,0.003377069,64.26,,788.0,
141,Kepler-235,d,0.122,,,20.060548,9.9E-5,-9.9E-5,,,,,5.26,2.05,0.1,-0.1,2.05,PT,false,,rowe14,Row14,2014ApJ...784...45R,false,,,,,0.08797254,0.003377069,5.91,,434.0,
142,Kepler-235,e,0.213,,,46.183669,4.25E-4,-4.25E-4,,,,,5.95,2.22,0.29,-0.29,2.22,PT,false,,rowe14,Row14,2014ApJ...784...45R,true,,,,,0.08797254,0.003377069,1.939,,328.4,
143,Kepler-52,b,0.0688,,,7.877407,2.0E-5,-2.0E-5,,,,,6.08,2.34,0.22,-0.22,2.34,PT,false,,rowe14,Row14,2014ApJ...784...45R,false,0.6998,,0.0688,,0.105302125,0.002533052,,,,
144,Kepler-52,c,0.1121,,,16.384888,8.0E-5,-8.0E-5,,,,,4.01,1.71,0.08,-0.08,1.71,PT,false,,rowe14,Row14,2014ApJ...784...45R,false,0.6998,,0.1121,,0.105302125,0.002533052,,,,
145,Kepler-52,d,0.191,,,36.445171,2.53E-4,-2.53E-4,,,,,4.74,1.95,0.21,-0.21,1.95,PT,false,,rowe14,Row14,2014ApJ...784...45R,true,0.6998,,0.191,,0.105302125,0.002533052,,,,
146,Kepler-155,b,0.056,,,5.931194,8.0E-6,-8.0E-6,,,,,5.26,2.09,0.21,-0.21,2.09,PT,false,,rowe14,Row14,2014ApJ...784...45R,false,,,,,0.17256226,0.005846037,55.026,,758.0,
147,Kepler-155,c,0.242,,,52.661793,2.36E-4,-2.36E-4,,,,,5.83,2.24,0.15,-0.15,2.24,PT,false,,rowe14,Row14,2014ApJ...784...45R,true,,,,,0.17256226,0.005846037,2.947,,364.6,
148,V1428 Aql,b,0.3357,0.0099,-0.01,105.9,0.09,-0.1,>,12.2,1.0,-1.4,12.2,,,,3.4,RV,false,,kaminski18,Kam18,2018arXiv180801183K,true,,,,,0.032581307,3.95032E-4,0.2891,0.0035,204.1,2.5
149,Kepler-138,b,0.0746,0.0021,-0.0021,10.3126,4.0E-4,-6.0E-4,,,,,0.1,0.522,0.032,-0.032,0.52,PT,false,Theoretical (TTV),jontoff-hutter15,Jhu15,2015Natur.522..321J,false,0.521,0.055,0.0746,0.0021,0.057568584,7.54153E-4,10.342,0.136,499.1,6.5
150,Kepler-138,c,0.0905,0.0026,-0.0026,13.7813,1.0E-4,-1.0E-4,,,,,1.75,1.197,0.07,-0.07,1.2,PT,false,Theoretical (TTV),jontoff-hutter15,Jhu15,2015Natur.522..321J,false,0.521,0.055,0.0905,0.0026,0.057568584,7.54153E-4,7.026,0.092,453.1,5.9
151,Kepler-138,d,0.1277,0.0036,-0.0036,23.0881,9.0E-4,-8.0E-4,,,,,5.26,2.1,2.2,-1.2,2.1,PT,false,Theoretical (TTV),jontoff-hutter15,Jhu15,2015Natur.522..321J,false,0.521,0.055,0.1277,0.0036,0.057568584,7.54153E-4,3.531,0.046,381.5,5.0
152,LSPM J1928+4437,b,0.0116,,,1.2137672,4.6E-6,-4.6E-6,,,,,0.39,0.78,0.22,-0.22,0.78,PT,false,,muirhead12,Mui12b,2012ApJ...747..144M,false,,,,,0.002901061,3.5559E-5,21.559,,599.7,
153,LSPM J1928+4437,c,0.006,,,0.45328509,9.7E-7,-9.7E-7,,,,,0.33,0.73,0.2,-0.2,0.73,PT,false,,muirhead12,Mui12b,2012ApJ...747..144M,false,,,,,0.002901061,3.5559E-5,80.584,,833.9,
154,LSPM J1928+4437,d,0.0154,,,1.865169,1.4E-5,-1.4E-5,,,,,0.13,0.57,0.18,-0.18,0.57,PT,false,,muirhead12,Mui12b,2012ApJ...747..144M,false,,,,,0.002901061,3.5559E-5,12.232,,520.5,
155,Kepler-49,b,0.0642,,,7.203871,8.0E-6,-8.0E-6,,,,,6.21,2.35,0.09,-0.09,2.35,PT,false,,rowe14,Row14,2014ApJ...784...45R,false,0.6797,,0.0642,,0.09462025,0.002342579,,,,
156,Kepler-49,c,0.0847,,,10.912732,2.1E-5,-2.1E-5,,,,,5.1,2.06,0.09,-0.09,2.06,PT,false,,rowe14,Row14,2014ApJ...784...45R,false,0.6797,,0.0847,,0.09462025,0.002342579,,,,
157,Kepler-49,d,0.0323,,,2.576549,3.0E-6,-3.0E-6,,,,,3.55,1.6,0.07,-0.07,1.6,PT,false,,rowe14,Row14,2014ApJ...784...45R,false,0.6797,,0.0323,,0.09462025,0.002342579,,,,
158,Kepler-49,e,0.1208,,,18.596108,7.9E-5,-7.9E-5,,,,,3.33,1.56,0.08,-0.08,1.56,PT,false,,rowe14,Row14,2014ApJ...784...45R,false,0.6797,,0.1208,,0.09462025,0.002342579,,,,
159,LSPM J1930+4149,b,0.0514,0.0028,-0.0028,8.68909,2.4E-5,-2.4E-5,,,,,1.28,1.08,0.15,-0.15,1.08,PT,false,,angelo17,Age17,2017AJ....153..162A,true,,,,,0.005236747,1.03988E-4,1.982,0.039,330.2,6.6
160,Kepler-45,b,0.03,,,2.455239,4.0E-6,-4.0E-6,,160.497,28.604,-28.604,160.5,10.76,1.23,-1.23,10.76,PT+RV,true,Jon12+Jon12,johnson12,Jon12,2012AJ....143..111J,false,,,,,0.08069495,0.003388865,89.66,,856.4,
161,Kepler-231,b,0.0788,,,10.065275,2.7E-5,-2.7E-5,,,,,4.1,1.73,0.12,-0.12,1.73,PT,false,,rowe14,Row14,2014ApJ...784...45R,false,0.6436,,0.0788,,0.081761524,0.00260802,,,,
162,Kepler-231,c,0.1215,,,19.271566,9.9E-5,-9.9E-5,,,,,4.74,1.93,0.19,-0.19,1.93,PT,false,,rowe14,Row14,2014ApJ...784...45R,false,0.6436,,0.1215,,0.081761524,0.00260802,,,,
163,Kepler-54,b,0.0655,,,8.01026,3.0E-5,-3.0E-5,,,,,5.15,2.07,0.12,-0.12,2.07,PT,false,,rowe14,Row14,2014ApJ...784...45R,false,0.5856,,0.0655,,0.047979005,0.001400432,,,,
164,Kepler-54,c,0.0862,,,12.072389,1.0E-4,-1.0E-4,,,,,4.23,1.75,0.12,-0.12,1.75,PT,false,,rowe14,Row14,2014ApJ...784...45R,false,0.5856,,0.0862,,0.047979005,0.001400432,,,,
165,Kepler-54,d,0.1246,,,20.995694,1.43E-4,-1.43E-4,,,,,3.26,1.53,0.08,-0.08,1.53,PT,false,,rowe14,Row14,2014ApJ...784...45R,true,0.5856,,0.1246,,0.047979005,0.001400432,,,,
166,Kepler-252,b,0.0631,,,6.668391,3.1E-5,-3.1E-5,,,,,1.9,1.23,0.12,-0.12,1.23,PT,false,,rowe14,Row14,2014ApJ...784...45R,false,0.7538,,0.0631,,0.14212687,0.004178401,,,,
167,Kepler-252,c,0.0873,,,10.848463,1.5E-5,-1.5E-5,,,,,5.37,2.15,0.13,-0.13,2.15,PT,false,,rowe14,Row14,2014ApJ...784...45R,false,0.7538,,0.0873,,0.14212687,0.004178401,,,,
168,Kepler-32,b,0.05,,,5.90124,1.0E-4,-1.0E-4,,,,,5.89,2.2,0.2,-0.2,2.2,PT,false,Theoretical,fabrycky12,Fab12,2012ApJ...750..114F,false,,,,,0.06501256,0.001879054,26.005,,628.5,
169,Kepler-32,c,0.09,,,8.7522,3.0E-4,-3.0E-4,,,,,4.94,2.0,0.2,-0.2,2.0,PT,false,Theoretical,fabrycky12,Fab12,2012ApJ...750..114F,false,,,,,0.06501256,0.001879054,8.026,,468.5,
170,Kepler-32,d,0.13,,,22.7802,5.0E-4,-5.0E-4,,,,,7.96,2.7,0.2,-0.2,2.7,PT,false,,fabrycky12,Fab12,2012ApJ...750..114F,false,,,,,0.06501256,0.001879054,3.847,,389.8,
171,Kepler-32,e,0.033,,,2.896,3.0E-4,-3.0E-4,,,,,4.36,1.85,0.01,-0.01,1.85,PT,false,,fabrycky12,Fab12,2012ApJ...750..114F,false,,,,,0.06501256,0.001879054,59.699,,773.6,
172,Kepler-32,f,0.013,,,0.74296,7.0E-5,-7.0E-5,,,,,0.47,0.82,0.07,-0.07,0.82,PT,false,,fabrycky12,Fab12,2012ApJ...750..114F,false,,,,,0.06501256,0.001879054,384.687,,1232.6,
173,Kepler-125,b,0.0427,,,4.164389,3.0E-6,-3.0E-6,,,,,6.34,2.37,0.1,-0.1,2.37,PT,false,,rowe14,Row14,2014ApJ...784...45R,false,0.6,,0.0427,,0.05586651,9.58954E-4,,,,
174,Kepler-125,c,0.0531,,,5.774464,4.7E-5,-4.7E-5,,,,,0.32,0.74,0.05,-0.05,0.74,PT,false,,rowe14,Row14,2014ApJ...784...45R,false,0.6,,0.0531,,0.05586651,9.58954E-4,,,,
175,Kepler-186,b,0.0343,0.0046,-0.0046,3.8867907,6.2E-6,-6.3E-6,,,,,1.21,1.07,0.12,-0.12,1.07,PT,false,,quintana14,Qui14,2014Sci...344..277Q,false,,,,,0.057127886,0.001447448,48.557,1.23,734.7,18.6
176,Kepler-186,c,0.0451,0.007,-0.007,7.267302,1.2E-5,-1.1E-5,,,,,2.02,1.25,0.14,-0.14,1.25,PT,false,,quintana14,Qui14,2014Sci...344..277Q,false,,,,,0.057127886,0.001447448,28.086,0.712,640.7,16.2
177,Kepler-186,d,0.0781,0.01,-0.01,13.342996,2.5E-5,-2.4E-5,,,,,2.65,1.4,0.16,-0.16,1.4,PT,false,,quintana14,Qui14,2014Sci...344..277Q,false,,,,,0.057127886,0.001447448,9.366,0.237,486.9,12.3
178,Kepler-186,e,0.11,0.015,-0.015,22.407704,7.4E-5,-7.2E-5,,,,,2.05,1.27,0.15,-0.14,1.27,PT,false,,quintana14,Qui14,2014Sci...344..277Q,false,,,,,0.057127886,0.001447448,4.721,0.12,410.3,10.4
179,Kepler-186,f,0.432,0.171,-0.053,129.9441,0.0013,-0.0012,,,,,1.65,1.17,0.08,-0.08,1.17,PT,false,,torres15,Tor15,2015ApJ...800...99T,true,,,,,0.057127886,0.001447448,0.306,0.084,207.0,56.8
180,Kepler-445,b,0.0229,0.001,-0.001,2.984151,1.1E-5,-1.1E-5,,,,,3.55,1.58,0.23,-0.23,1.58,PT,false,,muirhead15,Mui15,2015ApJ...801...18M,false,0.18,0.04,0.0229,0.001,0.007758819,2.11219E-4,14.79,0.403,545.8,14.9
181,Kepler-445,c,0.0318,0.0013,-0.0013,4.871229,1.1E-5,-1.1E-5,,,,,6.74,2.51,0.36,-0.36,2.51,PT,false,,muirhead15,Mui15,2015ApJ...801...18M,false,0.18,0.04,0.0318,0.0013,0.007758819,2.11219E-4,7.695,0.21,463.6,12.6
182,Kepler-445,d,0.0448,0.0019,-0.0019,8.15275,4.0E-4,-4.0E-4,,,,,1.86,1.25,0.19,-0.19,1.25,PT,false,,muirhead15,Mui15,2015ApJ...801...18M,false,0.18,0.04,0.0448,0.0019,0.007758819,2.11219E-4,3.873,0.105,390.4,10.6
183,Kepler-267,b,0.037,,,3.353728,7.0E-6,-7.0E-6,,,,,5.04,1.98,0.09,-0.09,1.98,PT,false,,rowe14,Row14,2014ApJ...784...45R,false,0.6002,,0.037,,0.058425117,0.001551315,,,,
184,Kepler-267,c,0.0597,,,6.87745,1.6E-5,-1.6E-5,,,,,5.59,2.13,0.11,-0.11,2.13,PT,false,,rowe14,Row14,2014ApJ...784...45R,false,0.6002,,0.0597,,0.058425117,0.001551315,,,,
185,Kepler-267,d,0.1539,,,28.464515,1.8E-4,-1.8E-4,,,,,5.71,2.27,0.12,-0.12,2.27,PT,false,,rowe14,Row14,2014ApJ...784...45R,true,0.6002,,0.1539,,0.058425117,0.001551315,,,,
186,HD 204961,b,3.56,0.28,-0.28,3657.0,104.0,-104.0,>,216.0,29.0,-28.0,216.0,,,,13.79,RV,false,,wittenmyer14,Wit14,2014ApJ...791..114W,false,,,,,0.029206133,0.001112671,0.002304,8.8E-5,61.0,2.3
187,HD 204961,c,0.163,0.006,-0.006,35.68,0.03,-0.03,>,5.4,0.95,-0.95,5.4,,,,2.16,RV,false,,wittenmyer14,Wit14,2014ApJ...791..114W,true,,,,,0.029206133,0.001112671,1.099,0.042,285.0,10.9
188,BD-05 5715,b,2.35,0.22,-0.22,1882.0,250.0,-250.0,>,318.0,99.0,-99.0,318.0,,,,13.49,RV,false,,stassun17,Sta17,2017AJ....153..136S,false,,,,,0.028245417,4.23423E-4,0.005115,7.7E-5,74.4,1.1
189,BD-05 5715,c,6.564,,,8775.0,,,>,245.7,,,245.7,,,,13.93,RV,false,,montet14,Mon14,2014ApJ...781...28M,false,0.49,,6.564,,0.028245417,4.23423E-4,0.001,,44.5,
190,LP 819-052,b,0.026,0.001,-0.001,3.651,0.001,-0.001,>,6.4,0.5,-0.5,6.4,,,,2.36,RV,false,,luque18,Luq18,2018arXiv181007572L,false,,,,,0.003635228,4.6286E-5,5.378,0.068,423.8,5.4
191,LP 700-6,b,0.0214,0.0013,-0.0013,2.260455,4.1E-5,-4.1E-5,,,,,6.08,2.32,0.24,-0.24,2.32,PT,false,,hirano16,Hir16,2016ApJ...820...41H,false,,,,,0.011676773,2.28665E-4,25.497,0.499,625.4,12.2
192,K2-21,b,0.076,0.002,-0.003,9.325038,3.79E-4,-4.03E-4,,,,,4.45,1.84,0.1,-0.1,1.84,PT,false,,dressing17,Dre17,2017AJ....154..207D,false,,,,,0.097781815,0.001363826,16.929,0.325,564.6,10.8
193,K2-21,c,0.107,0.003,-0.004,15.50192,9.18E-4,-9.28E-4,,,,,7.18,2.49,0.17,-0.19,2.49,PT,false,,dressing17,Dre17,2017AJ....154..207D,false,,,,,0.097781815,0.001363826,8.541,0.143,475.8,8.0
194,LHS 3844,b,0.00623,1.5E-4,-1.5E-4,0.46292792,1.6E-6,-1.6E-6,,,,,2.25,1.32,0.02,-0.02,1.32,PT,false,,vanderspeck18,Van18,2018arXiv180907242V,false,,,,,0.0027101,2.8811E-5,69.824,0.743,804.5,8.6
195,IL Aqr,b,0.214,0.001,-0.001,61.082,0.006,-0.01,>,760.9,1.0,-1.0,760.9,,,,13.1,RV,false,,trifonov18,Tri18,2018A&A...609A.117T,true,,,,,0.012926352,3.01123E-4,0.2823,0.0066,202.9,4.7
196,IL Aqr,c,0.134,0.001,-0.001,30.126,0.011,-0.003,>,241.5,0.7,-0.6,241.5,,,,13.66,RV,false,,trifonov18,Tri18,2018A&A...609A.117T,true,,,,,0.012926352,3.01123E-4,0.72,0.017,256.4,6.0
197,IL Aqr,d,0.021,0.001,-0.001,1.938,0.001,-0.001,>,6.91,0.22,-0.27,6.91,,,,2.54,RV,false,,trifonov18,Tri18,2018A&A...609A.117T,false,,,,,0.012926352,3.01123E-4,29.311,0.683,647.6,15.1
198,IL Aqr,e,0.345,0.001,-0.001,124.4,0.3,-0.7,>,15.43,1.29,-1.27,15.43,,,,3.92,RV,false,,trifonov18,Tri18,2018A&A...609A.117T,false,,,,,0.012926352,3.01123E-4,0.1086,0.0025,159.8,3.7
199,2MUCD 12171,b,0.01111,3.4E-4,-3.4E-4,1.51087081,6.0E-7,-6.0E-7,,,,,1.31,1.086,0.035,-0.035,1.09,PT,false,Theoretical,gillon17,Gil17,2017Natur.542..456G,false,,,,,5.37818E-4,5.731E-6,4.3572,0.0465,402.1,4.3
200,2MUCD 12171,c,0.01521,4.7E-4,-4.7E-4,2.4218233,1.7E-6,-1.7E-6,,,,,1.19,1.056,0.035,-0.035,1.06,PT,false,Theoretical,gillon17,Gil17,2017Natur.542..456G,true,,,,,5.37818E-4,5.731E-6,2.3247,0.0248,343.7,3.7
201,2MUCD 12171,d,0.02144,6.6E-4,-6.3E-4,4.04961,6.3E-5,-6.3E-5,,,,,0.39,0.772,0.03,-0.03,0.77,PT,false,Theoretical,gillon17,Gil17,2017Natur.542..456G,true,,,,,5.37818E-4,5.731E-6,1.17,0.0126,289.5,3.1
202,2MUCD 12171,e,0.02817,8.3E-4,-8.7E-4,6.099615,1.1E-5,-1.1E-5,,,,,0.72,0.918,0.039,-0.039,0.92,PT,false,Theoretical,gillon17,Gil17,2017Natur.542..456G,true,,,,,5.37818E-4,5.731E-6,0.6777,0.0073,252.5,2.7
203,2MUCD 12171,f,0.0371,0.0011,-0.0011,9.20669,1.5E-5,-1.5E-5,,,,,1.13,1.045,0.038,-0.038,1.04,PT,false,Theoretical,gillon17,Gil17,2017Natur.542..456G,true,,,,,5.37818E-4,5.731E-6,0.3907,0.0042,220.0,2.3
204,2MUCD 12171,g,0.0451,0.0014,-0.0014,12.35294,1.2E-4,-1.2E-4,,,,,1.48,1.127,0.041,-0.041,1.13,PT,false,Theoretical,gillon17,Gil17,2017Natur.542..456G,false,,,,,5.37818E-4,5.731E-6,0.2644,0.0028,199.6,2.1
205,2MUCD 12171,h,0.063,0.027,-0.013,18.767,0.004,-0.003,,,,,0.34,0.752,0.032,-0.031,0.75,PT,false,Theoretical,Gillon17;luger17 (P),Gil17;Lug17,2017Natur.542..456G;2017NatAs...1E.129L,false,,,,,5.37818E-4,5.731E-6,0.1355,0.0301,168.9,37.6
