ID,Name,Alt. name,Karmn,RA_J2015.5,DE_J2015.5,d_pc,ed_pc,Ref_d,SpT,SpTnum,COMMENTS,FUV_mag,eFUV_mag,NUV_mag,eNUV_mag,Ref19,u_mag,eu_mag,Ref20,BT_mag,eBT_mag,Ref21,B_mag,eB_mag,Ref22,g_mag,eg_mag,Ref23,BPmag,e_BPmag,Ref_24,VT_mag,eVT_mag,Ref25,V_mag,eV_mag,Ref26,Gmag,e_Gmag,Ref_27,r_mag,er_mag,Ref28,i_mag,ei_mag,Ref29,RPmag,e_RPmag,Ref_30,J_mag,eJ_mag,H_mag,eH_mag,Ks_mag,eKs_mag,Qflag_2M,Ref31,W1_mag,eW1_mag,W2_mag,eW2_mag,W3_mag,eW3_mag,W4_mag,eW4_mag,Qflag_W,Ref32,K,M_Ben16,M_Del00,M_adopted,Source,M_mann,eM_mann,Model,Teff,logg,Meta.,Lbol,Lberr
1,GX And,GJ 15 A,J00183+440,00:18:27.04,+44:01:29.0,3.563,0.001,GDR2,M1.0V,1,,,,,,,,,,,,,10.12,0,UCAC4,8.7069,0.018,PS1,8.3553,0.001,GDR2,8.309,0.013,TYC2,8.284,0,UCAC4,7.2162,5E-04,GDR2,7.9338,0.0728,PS1,6.4072,0.001,PS1,6.1822,0.0012,GDR2,5.252,0.264,4.476,0.2,4.018,0.02,DCE,2MASS,3.872,0.381,3.437,0.282,3.696,0.015,3.602,0.024,CBAA,WISE,6.2591,0.4456,0.4031,0.4456,Ben16,0.4015,0.0097,bt-settl-cifist,3600,4.5,0,0.02535898,3.965559E-04
2,K2-149,EPIC 220522664,,00:39:17.22,+07:16:37.2,124.1,0.5,GDR2,M1V,1,,,,,,,17.989,0.013,SDSS9,,,,16.055,0.060,UCAC4,15.326,0.04,UCAC4,14.8301,0.0028,GDR2,,,,14.484,0.16,UCAC4,13.7795,3E-04,GDR2,13.89,0.12,UCAC4,13.079,0.11,UCAC4,12.7654,8E-04,GDR2,11.452,0.023,10.762,0.032,10.561,0.021,AAA,2MASS,10.482,0.023,10.497,0.021,10.475,0.25,8.351,,AABU,WISE,5.0918,0.628,0.6382,0.6382,Del00,0.5879,0.0148,bt-settl-cifist,3700,4.5,0,0.0676523,0.0017461124
3,CD-44 170,GJ 27.1,,00:39:59.52,-44:15:15.0,23.62,0.03,GDR2,M0.5V,0.5,,,,20.825,0.169,GALEX,,,,13.404,0.279,TYC2,12.896,0.070,UCAC4,12.176,0.03,UCAC4,11.6716,0.0016,GDR2,11.642,0.1,TYC2,11.458,0.04,UCAC4,10.579,3E-04,GDR2,10.859,0.06,UCAC4,9.987,0.02,UCAC4,9.5702,9E-04,GDR2,8.225,0.027,7.609,0.038,7.394,0.029,AAA,2MASS,7.195,0.039,7.235,0.019,7.134,0.016,6.898,0.083,AAAA,WISE,5.5274,0.5758,0.5458,0.5758,Ben16,0.5209,0.0131,bt-settl-cifist,3700,4.5,0,0.045966536,8.7070884E-04
4,LHS 1140,GJ 3053,J00449-152,00:44:59.67,-15:16:26.8,14.99,0.02,GDR2,M4.5V,4.5,,,,,,,,,,,,,15.881,0.090,UCAC4,14.901,0.04,UCAC4,14.4352,0.0028,GDR2,,,,14.15,0.06,UCAC4,12.6706,4E-04,GDR2,13.548,0.02,UCAC4,11.845,0.1,UCAC4,11.3989,0.0013,GDR2,9.612,0.023,9.092,0.026,8.821,0.024,AAA,2MASS,8.606,0.022,8.391,0.019,8.235,0.022,8.133,0.265,AAAB,WISE,7.9416,0.1794,0.1798,0.1794,Ben16,0.1824,0.0047,bt-settl-cifist,3100,4.5,0,0.004425108,5.4840562E-05
5,2MASS J01021226-6145216,HATS-71,,01:02:12.45,-61:45:22.1,140.788,0.860,GDR2,M3.0V,3.0,NEW 2019,,,,,,,,,,,,,,,17.105,0.042,APASS9,16.744,0.004,GDR2,,,,,,,15.351,0.001,GDR2,15.810,0.009,APASS9,14.575,0.031,APASS9,14.187,0.001,GDR2,12.605,0.026,11.972,0.032,11.727,0.025,AAA,2MASS,11.561,0.022,11.475,0.021,10.751,0.083,8.540,,AAAU,WISE,5.9842,0.4978,0.4541,0.4978,Ben16,0.4466,0.0112,bt-settl-cifist,3300,5,0,0.025190203,5.5131916E-04
6,BD+61 195,GJ 49,,01:02:40.50,+62:20:43.6,9.856,0.003,GDR2,M1.5V,1.5,NEW 2019,,,,,,,,,11.474,0.056,TYC2,11.439,0.000,UCAC4,10.427,0.030,UCAC4,9.812,0.001,GDR2,9.735,0.021,TYC2,9.765,0.000,UCAC4,8.663,0.001,GDR2,9.256,0.060,UCAC4,8.154,0.040,UCAC4,7.632,0.001,GDR2,6.230,0.021,5.582,0.024,5.371,0.020,AAA,2MASS,5.302,0.223,5.076,0.085,5.185,0.015,5.086,0.028,BAAA,WISE,5.4026,0.5936,0.5720,0.5936,Ben16,0.5407,0.0133,bt-settl-cifist,3600,5,0,0.04524118,9.5470843E-04
7,YZ Cet,GJ 54.1,J01125-169,01:12:31.94,-16:59:46.5,3.712,0.001,GDR2,M4.5V,4.5,,,,,,,,,,,,,13.878,0.040,UCAC4,12.906,0.07,UCAC4,12.3561,0.0019,GDR2,11.96,0.013,TYC2,12.096,0.02,UCAC4,10.4294,6E-04,GDR2,11.443,0.01,UCAC4,9.762,0.23,UCAC4,9.15,8E-04,GDR2,7.258,0.02,6.749,0.033,6.42,0.017,AAA,2MASS,6.164,0.081,5.914,0.039,5.812,0.02,5.705,0.041,AAAA,WISE,8.5717,0.1326,0.1336,0.1326,Ben16,0.1367,0.0033,bt-settl-cifist,3100,4.5,0,0.002200311,3.4516605E-05
8,K2-150,EPIC 220598331,,01:13:22.65,+08:59:14.8,102.8,0.8,GDR2,M2.5V,2.5,,,,,,,19.444,0.036,SDSS9,,,,17.353,0.010,UCAC4,16.615,0.05,UCAC4,16.1566,0.0077,GDR2,,,,15.829,0.01,UCAC4,14.815,5E-04,GDR2,15.293,0.04,UCAC4,14.025,0.05,UCAC4,13.6712,0.0021,GDR2,12.107,0.02,11.487,0.022,11.249,0.023,AAA,2MASS,11.117,0.023,11.024,0.02,10.814,0.097,9.221,,AAAU,WISE,6.1895,0.459,0.4157,0.459,Ben16,0.4129,0.0105,bt-settl-cifist,3400,4.5,0,0.022433111,5.4787286E-04
9,K2-151,EPIC 220621087,,01:17:13.15,+09:30:04.6,69.6,0.2,GDR2,M1.5V,1.5,,,,,,,17.519,0.013,SDSS9,,,,15.657,0.150,UCAC4,15.012,0.12,UCAC4,14.4134,0.0027,GDR2,,,,14.14,0.04,UCAC4,13.3119,5E-04,GDR2,13.548,0.01,UCAC4,12.634,0.02,UCAC4,12.2741,0.0014,GDR2,10.93,0.027,10.335,0.022,10.117,0.021,AAA,2MASS,9.967,0.023,9.877,0.02,9.843,0.046,8.766,,AAAU,WISE,5.9033,0.5127,0.4698,0.5127,Ben16,0.4597,0.0112,bt-settl-cifist,3700,4.5,0,0.032620076,4.5638072E-04
10,BD-17 400,GJ 3138,,02:09:11.46,-16:20:21.3,28.49,0.03,GDR2,M0V,0,,,,,,,,,,13.552,0.373,TYC2,12.271,0.030,UCAC4,11.616,0.01,UCAC4,11.1343,9E-04,GDR2,11.042,0.071,TYC2,10.877,0.02,UCAC4,10.1924,6E-04,GDR2,10.361,0.09,UCAC4,9.604,0.01,UCAC4,9.2658,0.0016,GDR2,8.076,0.019,7.412,0.031,7.246,0.016,AAA,2MASS,7.055,0.04,7.149,0.019,7.07,0.016,7.094,0.084,AAAA,WISE,4.9722,0.6364,0.6638,0.6638,Del00,0.6055,0.0151,bt-settl-cifist,3900,4.5,0,0.08350851,0.0013231719
11,GJ 96,G 173-53,,02:22:14.98,+47:52:48.8,11.936,0.009,GDR2,M0V,0.0,,,,,,,16.077,0.027,SDSS9,11.171,0.049,TYC2,10.864,0.040,UCAC4,9.854,0.001,SDSS9,9.6499,0.0019,GDR2,9.559,0.020,TYC2,9.345,0.03,UCAC4,8.6319,0.0006,GDR2,10.402,0.002,SDSS9,9.502,0.002,SDSS9,7.662,0.0018,GDR2,6.377,0.019,5.770,0.04,5.554,0.026,AAA,2MASS,5.464,0.153,5.29,0.062,5.377,0.015,5.25,0.039,BAAA,WISE,5.1698,0.6209,0.6215,0.6215,Del00,0.5763,0.0146,bt-settl-cifist,3900,4.5,0,0.06385681,9.422059E-04
12,CD-23 1056,LTT 1349,,02:46:43.22,-23:05:09.6,23.39,0.02,GDR2,M0V,0,,21.716,0.320,18.999,0.052,GALEX,,,,12.125,0.123,TYC2,11.617,0.030,UCAC4,11.0014,0.001,PS1,10.493,0.002,GDR2,10.456,0.039,TYC2,10.215,0.06,UCAC4,9.5989,5E-04,GDR2,9.644,0.014,CMC15,8.6214,0.0568,PS1,8.7005,0.0013,GDR2,7.558,0.021,6.927,0.031,6.736,0.018,AAA,2MASS,6.639,0.071,6.633,0.023,6.61,0.015,6.476,0.055,AAAA,WISE,4.8911,0.6404,0.6812,0.6812,Del00,0.6174,0.0155,bt-settl-cifist,4000,4.5,0,0.090805605,0.0012599442
13,LP 413-32 B,K2-288 B,,03:41:46.63, +18:16:06.6,65.72,0.87,GDR2,M3V,3,NEW 2019,,,,,,,,,,,,15.423,0.030,UCAC4,14.659,0.010,UCAC4,,,,,,,13.868,0.120,UCAC4,14.545,0.002,GDR2,13.263,0.090,UCAC4,12.390,0.2500,UCAC4,,,,10.545,0.020,9.946,0.023,9.724,0.018,AAA,2MASS,9.595,0.024,9.476,0.021,9.394,0.038,8.750,,AAAU,WISE,5.6355,0.5589,0.5235,0.5589,Ben16,0.5035,0.0130,bt-settl-cifist,3200,5,0,0.03640445,0.0017781089
14,BD-21 784,GJ 160.2,,04:06:34.90,-20:51:23.3,25.88,0.04,GDR2,K4V,-4,BEST PS1 \S9,,,18.473,0.063,GALEX,,,,11.302,0.064,TYC2,10.842,0.010,UCAC4,10.6928,0.1237,PS1,9.9161,0.0017,GDR2,9.838,0.029,TYC2,9.702,0.01,UCAC4,9.2015,3E-04,GDR2,9.521,0.01,UCAC4,9.312,0.0475,PS1,8.4173,0.0012,GDR2,7.439,0.021,6.854,0.051,6.702,0.017,AAA,2MASS,6.583,0.04,6.627,0.022,6.634,0.015,6.605,0.06,AAAA,WISE,4.6376,0.6419,0.7349,0.7349,Del00,0.6536,0.0164,bt-settl-cifist,4300,4.5,0,0.13715929,0.0021612043
15,LPM 178,GJ 163,,04:09:17.48,-53:22:16.2,15.135,0.007,GDR2,M3.5V,3.5,,,,21.902,0.320,GALEX,,,,13.047,0.241,TYC2,13.265,0.010,UCAC4,12.488,0.03,UCAC4,12.0974,0.0031,GDR2,11.944,0.144,TYC2,11.834,0.03,UCAC4,10.6771,8E-04,GDR2,11.236,0.02,UCAC4,9.921,0.03,UCAC4,9.5346,0.0014,GDR2,7.948,0.026,7.428,0.04,7.135,0.021,AAA,2MASS,6.978,0.057,6.828,0.022,6.763,0.015,6.572,0.048,AAAA,WISE,6.2351,0.4502,0.4074,0.4502,Ben16,0.4054,0.0098,bt-settl-cifist,3400,4.5,0,0.02169785,3.7366786E-04
16,Melotte 25 VA 50,K2-25,,04:13:05.74,+15:14:51.7,45.0,0.2,GDR2,M4.5V,4.5,,,,,,,19.743,0.033,SDSS9,,,,17.76,0.01,UCAC4,16.558,0.02,UCAC4,16.0749,0.0103,GDR2,,,,15.881,0.01,UCAC4,14.3817,0.001,GDR2,15.235,0.04,UCAC4,13.578,0.11,UCAC4,13.12,0.0022,GDR2,11.303,0.021,10.732,0.02,10.444,0.019,AAA,2MASS,10.275,0.024,10.086,0.02,9.936,0.057,8.301,,AAAU,WISE,7.1773,0.2787,0.2618,0.2787,Ben16,0.2652,0.0066,bt-settl-cifist,3200,4.5,0,0.007762589,1.3121034E-04
17,HG 8-15,K2-155,J04219+213,04:21:52.48,+21:21:12.9,73.0,0.3,GDR2,M0.0V,0.0,Schweitzer's REBEL,,,,,,16.253,0.007,SDSS9,,,,14.073,0.050,UCAC4,13.733,0.002,SDSS9,13.0534,0.0015,GDR2,,,,12.806,0.05,UCAC4,12.2528,0.0005,GDR2,12.860,0.040,UCAC4,11.877,0.001,UCAC4,11.291,0.0016,GDR2,9.763,0.028,9.135,0.03,8.899,0.019,AAA,2MASS,8.769,0.023,8.668,0.02,8.552,0.025,8.587,0.38,AAAC,WISE,4.5838,0.6399,0.7461,0.7461,Del00,0.6614,0.0167,bt-settl-cifist,3500,4.5,0,0.09984458,0.0015235227
18,LP 834-042,GJ 3293,,04:28:35.63,-25:10:16.8,20.20,0.02,GDR2,M2.5V,2.5,,,,21.593,0.253,GALEX,,,,,,,13.45,0.02,UCAC4,12.694,0.03,UCAC4,12.3085,0.0023,GDR2,,,,11.962,0.02,UCAC4,10.9788,9E-04,GDR2,11.358,0.02,UCAC4,10.226,0.06,UCAC4,9.8744,0.0012,GDR2,8.362,0.024,7.749,0.038,7.486,0.033,AAA,2MASS,7.207,0.035,7.21,0.02,7.131,0.016,6.932,0.091,AAAA,WISE,5.959,0.5025,0.4590,0.5025,Ben16,0.4507,0.0117,bt-settl-cifist,3500,4.5,0,0.027579645,3.9114122E-04
19,LEHPM 3808,TOI-270,,04:33:39.86,-51:57:26.6,22.49,0.01,GDR2,M3V,3.0,NEW 2019,,,,,,,,,,,,14.194,0.050,UCAC4,13.391,0.020,UCAC4,12.870,0.002,GDR2,,,,12.617,0.030,UCAC4,11.631,0.001,GDR2,12.011,0.02,UCAC4,10.910,0.05,UCAC4,10.543,0.002,GDR2,9.099,0.032,8.531,0.073,8.251,0.029,AAA,2MASS,8.130,0.022,7.983,0.019,7.887,0.016,7.691,0.089,AAAA,WISE,6.491,0.4011,0.3630,0.4011,Ben16,0.3643,0.0094,bt-settl-cifist,3500,5,0,0.016756214,2.8103188E-04
20,LP 358-499,K2-133,,04:40:35.85,+25:00:35.3,75.3,0.2,GDR2,M1V,1,,,,,,,17.283,0.01,SDSS9,,,,15.491,0.030,UCAC4,14.756,0.01,UCAC4,14.3108,0.0018,GDR2,,,,14.063,0.01,UCAC4,13.3245,3E-04,GDR2,13.432,0.01,UCAC4,12.672,0.01,UCAC4,12.3413,0.0018,GDR2,11.084,0.021,10.487,0.021,10.279,0.018,AAA,2MASS,10.173,0.022,10.072,0.021,9.991,0.071,8.586,,AAAU,WISE,5.8941,0.5144,0.4716,0.5144,Ben16,0.4613,0.0110,bt-settl-cifist,3800,4.5,0,0.035129562,4.2279597E-04
21,HD 285968,GJ 176,J04429+189,04:42:56.49,+18:57:12.1,9.473,0.006,GDR2,M2.0V,2,,21.282,0.406,19.022,0.090,GALEX,,,,11.818,0.121,TYC2,11.467,0.010,UCAC4,10.718,0.03,UCAC4,10.2328,0.0016,GDR2,10.195,0.049,TYC2,10.007,0.04,UCAC4,8.9996,5E-04,GDR2,9.522,0.18,UCAC4,8.314,0.02,UCAC4,7.9233,9E-04,GDR2,6.462,0.024,5.824,0.033,5.607,0.034,AAA,2MASS,5.486,0.177,5.27,0.065,5.341,0.014,5.227,0.034,BAAA,WISE,5.7246,0.5442,0.5053,0.5442,Ben16,0.4892,0.0126,bt-settl-cifist,3500,4.5,0,0.036480512,7.3034666E-04
22,Wolf 1539,GJ 179,J04520+064,04:52:05.89,+06:28:30.8,12.360,0.009,GDR2,M3.5V,3.5,,,,,,,,,,13.431,0.358,TYC2,13.552,0.060,UCAC4,12.697,0.04,UCAC4,12.2501,0.0015,GDR2,11.728,0.138,TYC2,11.963,0.04,UCAC4,10.7055,6E-04,GDR2,11.357,0.05,UCAC4,9.944,0.03,UCAC4,9.5232,0.0012,GDR2,7.814,0.024,7.209,0.046,6.942,0.018,AAA,2MASS,6.804,0.065,6.624,0.021,6.567,0.017,6.539,0.066,AAAA,WISE,6.4818,0.4028,0.3645,0.4028,Ben16,0.3658,0.0088,bt-settl-cifist,3300,4.5,0,0.015764328,3.0419373E-04
23,LP 776-27,GJ 180,J04538-177,04:53:50.42,-17:46:34.3,11.945,0.004,GDR2,M2.0V,2,,,,20.383,0.138,GALEX,,,,13.103,0.264,TYC2,12.436,0.040,UCAC4,11.639,0.04,UCAC4,11.1572,0.0012,GDR2,11.038,0.062,TYC2,10.914,0.03,UCAC4,9.9339,4E-04,GDR2,10.299,0.05,UCAC4,9.291,0.05,UCAC4,8.8679,0.0011,GDR2,7.413,0.02,6.86,0.038,6.598,0.021,AAA,2MASS,6.45,0.066,6.289,0.026,6.229,0.015,6.159,0.046,AAAA,WISE,6.2121,0.4547,0.4116,0.4547,Ben16,0.4092,0.0099,bt-settl-cifist,3500,4.5,0,0.024274724,3.6293414E-04
24,LP 656-38,GJ 3323,J05019-069,05:01:56.85,-06:56:54.6,5.376,0.002,GDR2,M4V,4,,,,,,,,,,,,,13.922,0.030,UCAC4,12.994,0.04,UCAC4,12.4393,0.0031,GDR2,,,,12.166,0.03,UCAC4,10.6467,6E-04,GDR2,11.526,0.02,UCAC4,9.843,0.04,UCAC4,9.3969,0.0013,GDR2,7.617,0.032,7.065,0.046,6.736,0.024,AAA,2MASS,6.548,0.084,6.281,0.026,6.218,0.015,6.091,0.06,AAAA,WISE,8.0838,0.1662,0.1679,0.1662,Ben16,0.1705,0.0044,bt-settl-cifist,3100,4.5,0,0.0036541708,5.2749412E-05
25,Kapteyn's star,GJ 191,,05:11:50.08,-45:02:34.9,3.934,0.000,GDR2,M0V,0,\S9\C15\PS1 \U4 gri B from exoplanet.nasa,,,,,,,,,10.792,0.046,TYC2,10.381,0.029,APASS9,9.664,0,APASS9,9.1107,0.0017,GDR2,9.033,0.018,TYC2,8.86,0,UCAC4,8.062,6E-04,GDR2,8.233,0,APASS9,7.425,0,APASS9,7.077,0.0018,GDR2,5.821,0.026,5.316,0.027,5.049,0.021,AAA,2MASS,4.921,0.204,4.295,0.108,4.733,0.016,4.6,0.027,BAAA,WISE,7.0751,0.2954,0.2751,0.2954,Ben16,0.2787,0.0069,bt-settl-cifist,3700,4.5,0,0.012805443,3.5394912E-04
26,LP 892-26,GJ 3341,,05:15:47.31,-31:17:41.4,23.64,0.03,GDR2,M2.5V,2.5,,,,21.009,0.321,GALEX,,,,,,,13.516,0.040,UCAC4,12.771,0.03,UCAC4,12.3472,0.0021,GDR2,,,,12.08,0.02,UCAC4,11.1029,0.0012,GDR2,11.497,0.03,UCAC4,10.441,0.12,UCAC4,10.0377,0.0013,GDR2,8.592,0.02,7.99,0.049,7.733,0.023,AAA,2MASS,7.644,0.024,7.537,0.02,7.425,0.018,7.354,0.103,AAAA,WISE,5.8652,0.5196,0.4773,0.5196,Ben16,0.4662,0.0114,bt-settl-cifist,3500,4.5,0,0.0321492,5.0834386E-04
27,NGTS-1,,,05:30:51.41,-36:37:51.5,219.5,1.0,GDR2,M0.5V,0.5,,,,,,,,,,,,,16.937,0.090,UCAC4,16.288,0,UCAC4,15.7812,0.0023,GDR2,,,,15.57,0.03,UCAC4,14.8661,5E-04,GDR2,14.999,0.01,UCAC4,14.328,0.02,UCAC4,13.9208,0.0019,GDR2,12.702,0.024,12.058,0.022,11.936,0.027,AAA,2MASS,11.81,0.023,11.772,0.022,11.75,0.184,8.833,,AABU,WISE,5.2288,0.6148,0.6089,0.6089,Del00,0.5674,0.0144,bt-settl-cifist,3900,4.5,0,0.06787699,0.0014007187
28,HATS-6,,,05:52:35.23,-19:01:53.9,170.1,1.1,GDR2,M1V,1,,,,,,,,,,,,,16.664,0.040,UCAC4,15.926,0.03,UCAC4,15.3839,0.0021,GDR2,,,,15.16,0.02,UCAC4,14.3601,3E-04,GDR2,14.568,0.03,UCAC4,13.734,0.03,UCAC4,13.3581,0.0019,GDR2,12.046,0.024,11.397,0.023,11.224,0.023,AAA,2MASS,11.108,0.024,11.122,0.021,11.216,0.141,8.89,,AABU,WISE,5.0699,0.6297,0.6429,0.6429,Del00,0.5912,0.0150,bt-settl-cifist,3800,4.5,0,0.07023512,0.0015372575
29,BD-06 1339,GJ 221,,05:52:59.70,-05:59:49.0,20.28,0.02,GDR2,K7V,-1,,,,,,,,,,11.519,0.079,TYC2,11.036,0.060,UCAC4,10.448,0.02,UCAC4,9.9492,0.0026,GDR2,9.877,0.033,TYC2,9.871,0.09,UCAC4,9.1068,6E-04,GDR2,9.141,0,CMC15,8.594,0.07,UCAC4,8.2415,0.0026,GDR2,7.128,0.018,6.517,0.059,6.305,0.018,AAA,2MASS,6.266,0.087,6.232,0.027,6.231,0.016,6.213,0.056,AAAA,WISE,4.7695,0.6433,0.7071,0.7071,Del00,0.6348,0.0159,bt-settl-cifist,4100,4.5,0,0.10393205,0.0024184755
30,HD 42581,GJ 229A,J06105-218,06:10:34.46,-21:52:03.8,5.757,0.002,GDR2,M0.5V,0.5,BEST PS1,,,,,,,,,10.028,0.021,TYC2,9.941,0.070,UCAC4,8.7131,0.0298,PS1,8.3862,0.0012,GDR2,8.345,0.011,TYC2,9.082,0.1,UCAC4,7.3072,6E-04,GDR2,7.772,0,CMC15,7.2144,0.0499,PS1,6.3041,0.0014,GDR2,5.104,0.037,4.393,0.254,4.166,0.232,EDD,2MASS,4.042,0.282,3.64,0.09,3.903,0.017,3.839,0.025,BAAA,WISE,5.3649,0.5986,0.5799,0.5986,Ben16,0.5461,0.0383,bt-settl-cifist,3700,4.5,0,0.054162834,0.0028176028
31,PM J06168+2435,K2-26,,06:16:49.54,+24:35:45.0,99.3,0.5,GDR2,M1V,1,,,,,,,17.94,0.012,SDSS9,,,,15.968,0.130,UCAC4,15.296,0.02,UCAC4,14.8422,0.003,GDR2,,,,14.528,0.05,UCAC4,13.7519,4E-04,GDR2,13.927,0.08,UCAC4,13.2209,0.001,PS1,12.7345,0.0017,GDR2,11.35,0.024,10.762,0.022,10.53,0.018,AAA,2MASS,10.422,0.023,10.349,0.021,10.409,0.086,8.915,,AAAU,WISE,5.5446,0.5732,0.5422,0.5732,Ben16,0.5181,0.0127,bt-settl-cifist,3700,4.5,0,0.04435258,8.991998E-04
32,Luyten's star,GJ 273,J07274+052,07:27:25.09,+05:12:35.6,3.80,0.02,HIP2,M3.5V,3.5,SEVERAL PS1 & Use [Fe/H]=-1,21.471,0.375,20.086,0.143,GALEX,,,,11.771,0.079,TYC2,11.45,0.01,UCAC4,10.5394,0.0263,PS1,,,,10.027,0.03,TYC2,9.909,0.01,UCAC4,,,,9.3356,0.0715,PS1,7.9633,0.2511,PS1,,,,5.714,0.032,5.219,0.063,4.857,0.023,AAA,2MASS,4.787,0.223,4.268,0.131,4.484,0.019,4.314,0.029,BBAA,WISE,6.9564,0.3155,0.2914,0.3155,Ben16,0.2946,0.0076,bt-settl,3200,4.5,-0.5,0.00990013,3.521392E-04
33,LP 424-4,GJ 3470,J07590+153,07:59:05.64,+15:23:28.4,29.45,0.05,GDR2,M1.5V,1.5,,,,,,,15.934,0.007,SDSS9,,,,13.785,0.040,UCAC4,13.024,0.05,UCAC4,12.5863,0.0018,GDR2,,,,12.332,0.02,UCAC4,11.3537,0.0013,GDR2,11.73,0.01,UCAC4,10.672,0.03,UCAC4,10.2906,0.0013,GDR2,8.794,0.026,8.206,0.023,7.989,0.023,AAA,2MASS,7.807,0.027,7.783,0.02,7.683,0.02,7.786,0.215,AAAB,WISE,5.6438,0.5576,0.5218,0.5576,Ben16,0.5023,0.0123,bt-settl-cifist,3500,4.5,0,0.04005411,4.945222E-04
34,NGC 2632 JS 183,K2-95,,08:37:27.02,+18:58:35.8,180.7,4.0,GDR2,M3V,3,W W_ sim \U4 \AP BV,,,,,,20.375,0.046,SDSS9,,,,,,,18.005,0.006,SDSS9,17.4539,0.0094,GDR2,,,,,,,16.0836,9E-04,GDR2,16.604,0.005,SDSS9,15.362,0.004,SDSS9,14.914,0.0022,GDR2,13.312,0.021,12.738,0.024,12.474,0.021,AAA,2MASS,12.331,0.024,12.225,0.027,11.282,0.409,7.435,,AACU,WISE,6.1897,0.459,0.4156,0.459,Ben16,0.4127,0.0127,bt-settl-cifist,3400,4.5,0,0.02189585,0.0011292703
35,K2-146,EPIC 211924657,,08:40:06.41,+19:05:32.4,79.5,0.5,GDR2,M3V,3,,,,,,,19.57,0.028,SDSS9,,,,17.873,0.170,UCAC4,16.889,0.07,UCAC4,16.4311,0.0031,GDR2,,,,16.248,0.01,UCAC4,14.9834,5E-04,GDR2,15.525,0.01,UCAC4,14.166,0.15,UCAC4,13.7921,0.0016,GDR2,12.183,0.021,11.605,0.018,11.37,0.023,AAA,2MASS,11.175,0.023,11.03,0.021,10.98,0.191,8.451,,AABU,WISE,6.8688,0.3309,0.3039,0.3309,Ben16,0.3074,0.0080,bt-settl-cifist,3300,4.5,0,0.012361711,2.7230993E-04
36,LP 844-8,GJ 317,J08409-234,08:40:58.69,-23:27:10.1,15.203,0.013,GDR2,M3.5,3.5,M2.5V in Ang11,,,21.457,0.391,GALEX,,,,,,,13.537,0.040,UCAC4,12.698,0.02,UCAC4,12.2457,0.0015,GDR2,,,,11.975,0.04,UCAC4,10.7539,8E-04,GDR2,11.394,0.02,UCAC4,10.019,0.04,UCAC4,9.5831,0.0017,GDR2,7.934,0.027,7.321,0.071,7.028,0.02,AAA,2MASS,6.867,0.065,6.766,0.021,6.704,0.016,6.502,0.059,AAAA,WISE,6.1183,0.4726,0.4288,0.4726,Ben16,0.4245,0.0102,bt-settl-cifist,3300,4.5,0,0.022412438,3.7827474E-04
37,NGC 2632 JS 597 ,EPIC 211964830,,08:45:26.00,+19:41:54.2,186.6,2.1,GDR2,M2V,2.0,,,,,,,19.994,0.036,SDSS9,,,,,,,17.499,0.005,SDSS9,16.9460,0.0060,GDR2,,,,,,,15.6630,0.0010,GDR2,16.089,0.004,SDSS9,14.963,0.004,SDSS9,14.538,0.0020,GDR2,13.047,0.025,12.386,0.022,12.183,0.020,AAA,2MASS,12.048,0.023,11.978,0.02,11.317,0.294,8.173,,AABU,WISE,5.829,0.5261,0.4845,0.5261,Ben16,0.4721,0.0121,bt-settl-cifist,3500,4.5,0,0.03170506,9.525969E-04
38,BD+02 2098,GJ 328,,08:55:07.67,+01:32:31.2,20.54,0.02,GDR2,M0.0V,0,.eu: K7 & sim: M0 & .edu: M1,,,,,,14.706,0.008,SDSS9,11.706,0.09,,11.297,0.02,UCAC4,10.667,0.01,UCAC4,10.2077,0.001,GDR2,10.131,0.041,,9.997,0.01,UCAC4,9.2861,4E-04,GDR2,9.371,0.01,UCAC4,8.691,0.04,UCAC4,8.3667,7E-04,GDR2,7.191,0.027,6.523,0.018,6.352,0.026,AAA,2MASS,6.301,0.081,6.185,0.026,6.271,0.015,6.213,0.053,AAAA,WISE,4.7891,0.643,0.7029,0.7029,Del00,0.6319,0.0161,bt-settl-cifist,3900,4.5,0,0.09945745,0.0012176766
39,K2-117,EPIC 211331236,,08:55:25.38,+10:28:09.2,101.9,0.4,GDR2,M1.0V,1,,,,,,,18.097,0.013,SDSS9,,,,16.137,0.04,UCAC4,15.417,0.12,UCAC4,14.874,0.0017,GDR2,,,,14.655,0.06,UCAC4,13.8012,2E-04,GDR2,14.048,0.01,UCAC4,13.209,0.15,UCAC4,12.7741,0.0012,GDR2,11.447,0.023,10.801,0.029,10.589,0.025,AAA,2MASS,10.489,0.022,10.44,0.019,10.334,0.079,8.9,,AAAU,WISE,5.5475,0.5728,0.5416,0.5728,Ben16,0.5176,0.0129,bt-settl-cifist,3700,4.5,0,0.044440065,9.4209146E-04
40,BD+48 1829,GJ 378,,10:02:20.77,+48:04:56.8,14.96,0.01,GDR2,M1V,1.0,NEW 2019,,,19.263,0.085,GALEX,14.756,0.006,SDSS9,,,,11.710,0.000,UCAC4,10.775,0.030,UCAC4,10.305,0.001,GDR2,,,,10.201,0.000,UCAC4,9.265,0.000,GDR2,9.559,0.020,UCAC4,8.618,0.010,UCAC4,8.275,0.001,GDR2,6.949,0.020,6.355,0.024,6.160,0.016,AAA,2MASS,6.103,0.093,5.831,0.037,5.965,0.015,5.883,0.046,AAAA,WISE,5.2853,0.6085,0.5968,0.5968,Del00,0.5589,0.0137,bt-settl-cifist,3700,5,0,0.057657912,0.0010483129
41,LTT 3758,GJ 1132,,10:14:50.18,-47:09:17.8,12.618,0.007,GDR2,M4.5V,4.5,\U4\C15\S9\PS1,,,,,,,,,,,,15.228,0.028,APASS9,14.292,0.027,APASS9,13.7582,0.0021,GDR2,,,,13.504,0.022,APASS9,12.138,4E-04,GDR2,12.869,0.032,APASS9,11.313,0.095,APASS9,10.9217,0.0013,GDR2,9.245,0.026,8.666,0.031,8.322,0.027,AAA,2MASS,8.17,0.023,8,0.02,7.862,0.018,7.916,0.184,AAAB,WISE,7.8171,0.1923,0.1911,0.1923,Ben16,0.1938,0.0051,bt-settl-cifist,3200,4.5,0,0.004652973,5.8015317E-05
42,K2-239,EPIC 248545986,,10:42:22.59,+04:26:28.9,31.11,0.08,GDR2,M3.0V,3.0,\T2\G5,,,,,,,,,,,TYC2,16.206,0.06,UCAC4,15.327,0.030,UCAC4,14.7874,0.0037,GDR2,,,,14.549,0.04,UCAC4,13.4367,0.0007,GDR2,13.906,0.020,UCAC4,12.718,0.030,UCAC4,12.292,0.0027,GDR2,10.781,0.026,10.192,0.02,9.971,0.021,AAA,2MASS,9.774,0.022,9.634,0.02,9.513,0.042,8.765,,AAAU,WISE,7.5063,0.2302,0.2227,0.2302,Ben16,0.2258,0.0057,bt-settl-cifist,3400,4.5,0,0.007190233,9.355018E-05
43,LP 905-36,GJ 3634,,10:58:34.40,-31:08:39.6,20.39,0.03,GDR2,M2.5V,2.5,,,,21.793,0.378,GALEX,,,,,,,13.453,0.04,UCAC4,12.678,0.03,UCAC4,12.1927,0.0013,GDR2,,,,11.926,0.02,UCAC4,10.9233,9E-04,GDR2,11.309,0.02,UCAC4,10.198,0.06,UCAC4,9.8419,8E-04,GDR2,8.361,0.023,7.762,0.049,7.47,0.027,AAA,2MASS,7.241,0.036,7.223,0.02,7.126,0.018,6.879,0.09,AAAA,WISE,5.9229,0.5091,0.4660,0.5091,Ben16,0.4566,0.0114,bt-settl-cifist,3500,4.5,0,0.028844314,4.4597618E-04
44,Lalande 21185,GJ 411,J11033+359,11:03:20.19,+35:58:11.6,2.547,0.004,HIP2,M1.5V,1.5,BEST gri & BRIGHT & allW disaster $ RA DE J2000 (only this one),20.299,0.198,17.609,0.032,GALEX,11.326,0.001,SDSS9,9.357,0.019,TYC2,7.506,0,UCAC4,8.3051,0.001,PS1,,,,7.659,0.011,TYC2,7.49,0,UCAC4,,,,7.393,0,CMC15,6.41,0.001,SDSS9,,,,4.203,0.242,3.64,0.202,3.254,0.306,DCD,2MASS,3.239,0.136,2.36,0.071,3.045,0.01,2.934,0.024,UUAA,WISE_,6.2239,0.4524,0.4094,0.4524,Ben16,0.4070,0.0499,bt-settl-cifist,3400,4.5,0,0.018534856,0.0013018438
45,Innes' star,GJ 422,,11:15:55.45,-57:32:33.2,12.668,0.007,GDR2,M3.5V,3.5,\S9\C15\PS1,,,,,,,,,,,,11.607,0,UCAC4,12.276,0.04,UCAC4,11.8557,0.0012,GDR2,,,,11.66,0,UCAC4,10.4771,6E-04,GDR2,11.019,0,UCAC4,9.683,0.03,UCAC4,9.3483,0.0011,GDR2,7.811,0.02,7.304,0.053,7.035,0.031,AAA,2MASS,6.927,0.062,6.679,0.024,6.669,0.015,6.434,0.044,AAAA,WISE,6.5215,0.3952,0.3579,0.3952,Ben16,0.3595,0.0095,bt-settl-cifist,3400,4.5,0,0.017896352,2.5137977E-04
46,K2-22,EPIC 201637175,,11:17:55.85,+02:37:08.5,245.5,2.8,GDR2,M0V,0,W_ better,,,,,,19.074,0.024,SDSS9,,,,17.042,0.01,UCAC4,16.352,0.04,UCAC4,15.8445,0.0053,GDR2,,,,15.597,0.01,UCAC4,14.9537,8E-04,GDR2,15.002,0.04,UCAC4,14.275,0.08,UCAC4,13.9639,0.0116,GDR2,12.726,0.024,12.088,0.03,11.924,0.026,AAA,2MASS,11.716,0.022,11.686,0.023,11.219,0.145,9.144,0.537,AABU,WISE_,4.9735,0.6363,0.6636,0.6636,Del00,0.6053,0.0158,bt-settl-cifist,3900,4.5,0,0.0809611,0.0030385489
47,PM J11293-0127,K2-3,,11:29:20.49,-01:27:18.5,44.1,0.1,GDR2,M0V,0,,,,21.411,0.217,GALEX,15.72,0.006,SDSS9,,,,13.524,0.06,UCAC4,12.871,0.03,UCAC4,12.3962,0.0032,GDR2,,,,12.167,0.01,UCAC4,11.4785,0.001,GDR2,11.582,0.02,UCAC4,10.983,0.17,UCAC4,10.5531,9E-04,GDR2,9.421,0.027,8.805,0.044,8.561,0.023,AAA,2MASS,8.443,0.022,8.424,0.019,8.322,0.021,8.251,0.298,AAAB,WISE,5.3374,0.6021,0.5857,0.6021,Ben16,0.5506,0.0137,bt-settl-cifist,3900,4.5,0,0.0603475,0.0012046206
48,PM J11302+0735,K2-18,,11:30:14.43,+07:35:16.2,38.07,0.08,GDR2,M2.5V,2.5,\T2\G,,,,,,16.722,0.009,SDSS9,,,,15.005,0.06,UCAC4,14.223,0.05,UCAC4,13.733,0.0027,GDR2,,,,13.496,0.05,UCAC4,12.4154,5E-04,GDR2,12.858,0.04,UCAC4,11.661,0.08,UCAC4,11.2908,0.0016,GDR2,9.763,0.028,9.135,0.026,8.899,0.019,AAA,2MASS,8.769,0.023,8.668,0.02,8.552,0.025,8.587,0.379,AAAC,WISE,5.9962,0.4956,0.4518,0.4956,Ben16,0.4446,0.0107,bt-settl-cifist,3500,4.5,0,0.026395837,4.1945366E-04
49,CD-31 9113,GJ 433,,11:35:26.86,-32:32:37.1,9.067,0.004,GDR2,M1.5V,1.5,,,,,,,,,,11.59,0.075,TYC2,11.318,0.04,UCAC4,10.587,0.01,UCAC4,10.0602,7E-04,GDR2,10.047,0.033,TYC2,9.821,0.05,UCAC4,8.8914,4E-04,GDR2,9.278,0.01,UCAC4,8.067,0.01,UCAC4,7.8453,7E-04,GDR2,6.471,0.018,5.856,0.036,5.623,0.021,AAA,2MASS,5.447,0.206,5.213,0.054,5.34,0.015,5.204,0.035,BAAA,WISE,5.8357,0.5248,0.4831,0.5248,Ben16,0.4710,0.0114,bt-settl-cifist,3600,4.5,0,0.033954147,5.1853195E-04
50,Ross 1003,GJ 1148,,11:41:43.83,+42:45:05.7,11.018,0.006,GDR2,M4V,4,GJ 1148,,,22.343,0.483,GALEX,15.899,0.008,SDSS9,,,,13.394,0.04,UCAC4,12.528,0.06,UCAC4,12.1617,0.0022,GDR2,11.894,0.005,TYC2,11.959,0.03,UCAC4,10.5769,6E-04,GDR2,11.4,0.06,UCAC4,9.951,0.05,UCAC4,9.3771,0.0018,GDR2,7.608,0.018,7.069,0.023,6.822,0.016,AAA,2MASS,6.672,0.078,6.443,0.024,6.446,0.015,6.254,0.047,AAAA,WISE,6.6115,0.3781,0.3433,0.3781,Ben16,0.3456,0.0082,bt-settl-cifist,3200,4.5,0,0.01498976,1.6851345E-04
51,Ross 905,GJ 436,J11421+267,11:42:12.13,+26:42:11.0,9.756,0.009,GDR2,M2.5V,2.5,,,,20.643,0.202,GALEX,15.099,0.006,SDSS9,12.522,0.28,TYC2,12.179,0.01,UCAC4,11.813,0.001,SDSS9,10.9173,0.0021,GDR2,10.759,0.084,TYC2,10.613,0.01,UCAC4,9.5715,9E-04,GDR2,10.126,0.001,SDSS9,8.957,0.001,SDSS9,8.4599,0.0021,GDR2,6.9,0.024,6.319,0.023,6.073,0.016,AAA,2MASS,6.017,0.11,5.69,0.048,5.76,0.014,5.58,0.039,BAAA,WISE,6.1267,0.471,0.4272,0.471,Ben16,0.4232,0.0100,bt-settl-cifist,3300,4.5,0,0.023894517,3.5456172E-04
52,LP 613-39,K2-9,,11:45:03.29,+00:00:19.5,83.2,0.4,GDR2,M2.5V,2.5,\T2\G\U4\AP,,,,,,19.378,0.031,SDSS9,,,,,,,16.733,0.004,SDSS9,16.1017,0.0061,GDR2,,,,,,,14.8665,6E-04,GDR2,15.153,0.004,SDSS9,14.497,0.001,SDSS9,13.7691,0.0014,GDR2,12.451,0.024,11.71,0.022,11.495,0.023,AAA,2MASS,11.348,0.022,11.214,0.021,11.354,0.193,8.812,,AABU,WISE,6.8954,0.3262,0.3001,0.3262,Ben16,0.3036,0.0078,bt-settl-cifist,3500,4.5,0,0.012170071,1.9767339E-04
53,FI Vir,GJ 447,,11:47:45.02,+00:47:57.4,3.375,0.001,GDR2,M4V,4,large eBT & best gri,23.103,0.451,21.828,0.096,GALEX,15.743,0.009,SDSS9,15.457,1.247,TYC2,12.861,0.04,UCAC4,11.887,0.01,UCAC4,11.388,0.0025,GDR2,11.451,0.141,TYC2,11.114,0.03,UCAC4,9.5907,0.0011,GDR2,10.492,0.06,UCAC4,8.3918,0.001,PS1,8.3454,0.0019,GDR2,6.505,0.023,5.945,0.024,5.654,0.024,AAA,2MASS,5.437,0.171,5.068,0.075,5.185,0.013,5.025,0.033,BAAA,WISE,8.0127,0.1726,0.1737,0.1726,Ben16,0.1764,0.0045,bt-settl-cifist,3100,4.5,0,0.0038269162,5.5805423E-05
54,K2-152,EPIC 201128338,,12:06:31.78,-05:49:38.8,108.8,0.4,GDR2,M0V,0,,,,,,,,,,,,,15.098,0.06,UCAC4,14.407,0.02,UCAC4,13.9476,0.0019,GDR2,,,,13.728,0.02,UCAC4,13.0383,5E-04,GDR2,13.112,0.03,UCAC4,12.524,0.08,UCAC4,12.1076,0.001,GDR2,10.956,0.03,10.277,0.02,10.096,0.02,AAA,2MASS,10.016,0.023,10.039,0.02,9.99,0.064,8.581,,AAAU,WISE,4.9131,0.6394,0.6765,0.6765,Del00,0.6142,0.0155,bt-settl-cifist,3900,4.5,0,0.088614605,0.0016136906
55,K2-153,EPIC 201598502,,12:15:14.13,+02:01:15.2,143.7,0.9,GDR2,M3.0V,3,U4=S9=C15=PS1,,,,,,18.427,0.016,SDSS9,,,,16.433,0.15,UCAC4,15.742,0.07,UCAC4,15.2592,0.0031,GDR2,,,,14.979,0.03,UCAC4,14.2706,4E-04,GDR2,14.418,0.03,UCAC4,13.685,0.02,UCAC4,13.2919,0.0011,GDR2,12.023,0.022,11.391,0.024,11.207,0.023,AAA,2MASS,11.101,0.023,11.046,0.021,11.019,0.149,8.689,,AABU,WISE,5.4195,0.5913,0.5684,0.5913,Ben16,0.5379,0.0135,bt-settl-cifist,3800,4.5,0,0.053529203,0.0012014102
56,K2-137,EPIC 228813918,,12:27:28.90,-06:11:42.8,99.2,0.6,GDR2,M3V,3,,,,,,,,,,,,,17.007,0.09,UCAC4,16.289,0.04,UCAC4,14.4345,6E-04,GDR2,,,,15.498,0,UCAC4,14.4345,6E-04,GDR2,14.92,0.02,UCAC4,13.719,0.01,UCAC4,13.2939,0.0018,GDR2,11.764,0.026,11.126,0.022,10.882,0.023,AAA,2MASS,10.705,0.024,10.65,0.02,10.647,0.096,8.368,,AAAU,WISE,5.9004,0.5132,0.4704,0.5132,Ben16,0.4605,0.0114,bt-settl-cifist,3500,4.5,0,0.02830447,6.1330537E-04
57,K2-154,EPIC 228934525,,12:36:00.36,-02:40:10.6,129.8,0.4,GDR2,M0V,0,,,,,,,17.498,0.009,SDSS9,,,,15.436,0.01,UCAC4,14.664,0.01,UCAC4,14.2216,0.0026,GDR2,,,,14.033,0,UCAC4,13.3173,4E-04,GDR2,13.411,0.012,CMC15,12.751,0.05,UCAC4,12.3868,0.0012,GDR2,11.219,0.024,10.519,0.022,10.368,0.019,AAA,2MASS,10.284,0.022,10.354,0.019,10.15,0.07,8.114,,AAAU,WISE,4.801,0.6429,0.7004,0.7004,Del00,0.6301,0.0159,bt-settl-cifist,3900,4.5,0,0.098288655,0.0015994147
58,Ross 1020,GJ 3779,J13229+244,13:22:56.05,+24:27:50.2,13.749,0.012,GDR2,M4.0V,4.0,CARMENES - Public,,,,,,16.412,0.009,SDSS9,,,TYC2,14.574,0.01,UCAC4,13.670,0.010,UCAC4,13.2218,0.0018,GDR2,,,,13.01,0.01,UCAC4,11.6266,0.0008,GDR2,12.427,0.010,UCAC4,10.859,0.01,UCAC4,10.420,0.0011,GDR2,8.728,0.021,8.162,0.05,7.957,0.033,AAA,2MASS,7.738,0.027,7.559,0.02,7.476,0.018,7.345,0.10,AAAA,WISE,7.2657,0.2649,0.2507,0.2649,Ben16,0.2541,0.0071,bt-settl-cifist,3300,4.5,0,0.008221284,1.0475134E-04
59,HD 122303,GJ 536,J14010-026,14:01:02.33,-02:39:08.2,10.412,0.009,GDR2,M1V,1,,22.052,0.186,18.900,0.019,GALEX,15.526,0.008,SDSS9,11.576,0.093,TYC2,11.116,0.05,UCAC4,10.1764,0.1061,PS1,9.9612,0.0046,GDR2,9.979,0.039,TYC2,9.716,0.03,UCAC4,8.8588,0.0014,GDR2,9.281,0.01,UCAC4,8.15,0.02,UCAC4,7.842,0.0026,GDR2,6.516,0.018,5.935,0.036,5.683,0.02,AAA,2MASS,5.592,0.124,5.321,0.052,5.444,0.015,5.301,0.031,BAAA,WISE,5.5953,0.5654,0.5318,0.5654,Ben16,0.5101,0.0124,bt-settl-cifist,3700,4.5,0,0.04335241,7.2119635E-04
60,Proxima Centauri,GJ 551,,14:29:34.43,-62:40:34.3,1.301,0.000,GDR2,M5.5V,5.5,\Gx\S9\C15\PS1,,,,,,,,,,,,10.761,0,UCAC4,11.891,0.01,UCAC4,11.3829,0.0034,GDR2,,,,11.01,0,UCAC4,8.9536,9E-04,GDR2,10.429,0.02,UCAC4,8.404,0.14,UCAC4,7.5864,0.0017,GDR2,5.357,0.023,4.835,0.057,4.384,0.033,AAE,2MASS,4.207,0.331,3.779,0.131,3.838,0.015,3.688,0.025,BBAA,WISE,8.8122,0.1217,0.1202,0.1217,Ben16,0.1238,0.0033,bt-settl-cifist,2800,4.5,0,0.0015368433,3.9461283E-05
61,K2-240,EPIC 249801827,,15:11:23.85,-17:52:31.6,73.1,0.5,GDR2,M0.5V,0.5,RAVE J151123.9-175231 \G5\T2\S9,,,,,,18.153,0.015,SDSS9,,,TYC2,14.849,0.03,UCAC4,14.129,0.020,UCAC4,13.5955,0.0086,GDR2,,,,13.392,0.01,UCAC4,12.6212,0.0019,GDR2,12.784,0.010,UCAC4,11.994,0.050,UCAC4,11.654,0.0040,GDR2,10.394,0.027,9.745,0.02,9.560,0.023,AAA,2MASS,9.469,0.024,9.426,0.02,9.317,0.039,8.551,,AAAU,WISE,5.2417,0.6134,0.6061,0.6061,Del00,0.5657,0.0143,bt-settl-cifist,3800,4.5,0,0.06284208,0.0015373795
62,HO Lib,GJ 581,J15194-077,15:19:25.55,-07:43:21.7,6.299,0.002,GDR2,M3V,3,,,,,,,,,,,,,12.137,0.01,UCAC4,11.367,0.16,UCAC4,10.836,0.0022,GDR2,,,,10.56,0.02,UCAC4,9.411,0.0012,GDR2,10.025,0.05,UCAC4,8.691,0.05,UCAC4,8.2676,0.0022,GDR2,6.706,0.026,6.095,0.033,5.837,0.023,AAA,2MASS,5.743,0.094,5.42,0.028,5.478,0.014,5.35,0.038,AAAA,WISE,6.8406,0.336,0.3081,0.336,Ben16,0.3114,0.0078,bt-settl-cifist,3400,4.5,0,0.012002537,1.6777833E-04
63,K2-286,EPIC 249889081,,15:33:28.76,-16:46:25.4,76.32,0.23,GDR2,M0V,0,,,,,,,,,,,,,14.118,0.020,UCAC4,13.461,0.010,UCAC4,13.0049,0.0016,GDR2,,,,12.763,0.010,UCAC4,12.1652,0.0002,GDR2,12.196,0.020,UCAC4,11.628,0.020,UCAC4,11.2806,0.0012,GDR2,10.127,0.024,9.518,0.022,9.317,0.020,AAA,2MASS,9.258,0.024,9.271,0.020,9.204,0.039,8.935,0.493,AAAC,WISE,0.6398,0.6398,0.6785,0.6785,Del00,0.6155,0.0155,bt-settl-cifist,4000,4.5,0,0.0903623400,0.0012473314
64,MCC 759,GJ 3942,J16090+529,16:09:03.49,+52:56:38.9,16.937,0.006,GDR2,M0V,0,,21.980,0.447,18.845,0.058,GALEX,15.868,0.009,SDSS9,11.993,0.098,TYC2,11.746,0.05,UCAC4,11.045,0.01,UCAC4,10.416,0.0019,GDR2,10.404,0.038,TYC2,10.166,0.04,UCAC4,9.4077,5E-04,GDR2,9.628,0.01,UCAC4,8.856,0.01,UCAC4,8.4432,0.0015,GDR2,7.185,0.02,6.525,0.02,6.331,0.018,AAA,2MASS,6.262,0.081,6.166,0.028,6.166,0.015,6.054,0.036,AAAA,WISE,5.1868,0.6192,0.6178,0.6178,Del00,0.5738,0.0143,bt-settl-cifist,3800,4.5,0,0.06461768,7.3073374E-04
65,USco J161014.7-191909,K2-33,J16102-193,16:10:14.73,-19:19:09.8,139.8,1.5,GDR2,M3V,3,Av=.75 (Mann16),,,,,,19.551,0.046,SDSS9,,,,17.353,0.14,UCAC4,16.403,0.02,UCAC4,15.7451,0.0046,GDR2,,,,15.714,0.01,UCAC4,14.157,9E-04,GDR2,14.822,0.1,UCAC4,13.404,0.08,UCAC4,12.9281,0.0018,GDR2,11.095,0.023,10.332,0.022,10.026,0.019,AAA,2MASS,9.89,0.023,9.762,0.021,9.61,0.049,8.412,,AAAU,WISE,4.2984,0.6131,0.8041,0.8041,Del00,0.7029,0.0197,bt-settl-cifist,3100,4.5,0,0.10193934,0.0031921093
66,LP 804-27,HIP 79431,,16:12:41.82,-18:52:35.1,14.54,0.03,GDR2,M3V,3,large eBT,,,,,,,,,15.767,1.364,TYC2,12.905,0.06,UCAC4,12.081,0.01,UCAC4,11.6327,0.0017,GDR2,11.461,0.138,TYC2,11.401,0.05,UCAC4,10.2351,0.0013,GDR2,10.786,0.02,UCAC4,9.482,0.04,UCAC4,9.1106,0.0014,GDR2,7.555,0.026,6.855,0.044,6.589,0.018,AAA,2MASS,6.508,0.077,6.383,0.026,6.33,0.016,6.108,0.058,AAAA,WISE,5.7764,0.5353,0.4949,0.5353,Ben16,0.4807,0.0115,bt-settl-cifist,3400,4.5,0,0.030184096,5.880557E-04
67,HD 147379,GJ 617A,J16167+672S,16:16:41.42,+67:14:21.1,10.768,0.004,GDR2,M0.0V,0,BEST g & \S9,,,,,,,,,10.347,0.031,TYC2,9.906,0.14,UCAC4,9.956,0.2,UCAC4,8.8199,0.0016,GDR2,8.772,0.015,TYC2,8.896,0.08,UCAC4,7.9005,6E-04,GDR2,8.2334,0.0306,PS1,7.529,0.36,UCAC4,6.9798,0.0019,GDR2,5.779,0.019,5.136,0.034,4.953,0.018,AAA,2MASS,4.914,0.178,4.677,0.095,4.876,0.015,4.804,0.027,BAAA,WISE,4.7924,0.643,0.7022,0.7022,Del00,0.6314,0.0158,bt-settl-cifist,3900,4.5,0,0.0977543,0.00230612
68,MCC 767,GJ 625,J16254+543,16:25:25.39,+54:18:12.1,6.474,0.001,GDR2,M2.0V,2,,,,,,,14.631,0.005,SDSS9,12.34,0.162,TYC2,11.784,0.02,UCAC4,10.991,0.05,UCAC4,10.3693,0.0022,GDR2,10.372,0.039,TYC2,10.066,0.04,UCAC4,9.137,9E-04,GDR2,9.427,0.05,UCAC4,8.483,0.05,UCAC4,8.0691,0.0026,GDR2,6.608,0.02,6.063,0.018,5.833,0.024,AAA,2MASS,5.707,0.148,5.387,0.061,5.465,0.015,5.325,0.028,BAAA,WISE,6.7772,0.3474,0.3175,0.3474,Ben16,0.3206,0.0081,bt-settl-cifist,3500,4.5,0,0.014810723,2.0540529E-04
69,V2306 Oph,GJ 628,,16:30:17.96,-12:40:03.7,4.306,0.001,GDR2,M3.5V,3.5,,,,,,,14.697,0.006,SDSS9,12.342,0.174,TYC2,11.683,0.06,UCAC4,10.845,0.07,UCAC4,10.3432,0.0014,GDR2,10.335,0.04,TYC2,10.101,0.03,UCAC4,8.7944,7E-04,GDR2,9.577,0.02,UCAC4,8.138,0.02,UCAC4,7.6042,8E-04,GDR2,5.95,0.024,5.373,0.04,5.075,0.024,AAA,2MASS,4.971,0.176,4.572,0.094,4.688,0.015,4.554,0.033,BAAA,WISE,6.9044,0.3246,0.2988,0.3246,Ben16,0.3022,0.0076,bt-settl-cifist,3300,4.5,0,0.010823072,1.6385196E-04
70,BD+25 3173,GJ 649,J16581+257,16:58:08.72,+25:44:31.1,10.383,0.003,GDR2,M1.5V,1.5,,21.471,0.281,18.668,0.051,GALEX,14.898,0.007,SDSS9,11.639,0.054,TYC2,11.604,0.99,UCAC4,10.66,0.001,SDSS9,9.9193,0.0014,GDR2,9.845,0.021,TYC2,9.837,0.99,UCAC4,8.8187,4E-04,GDR2,9.053,0,CMC15,8.318,0.001,SDSS9,7.8002,8E-04,GDR2,6.448,0.021,5.865,0.02,5.624,0.016,AAA,2MASS,5.559,0.139,5.343,0.06,5.379,0.015,5.235,0.032,BAAA,WISE,5.5424,0.5735,0.5427,0.5735,Ben16,0.5185,0.0125,bt-settl-cifist,3700,4.5,0,0.043439623,4.6242875E-04
71,LHS 3275,GJ 1214,J17153+049,17:15:19.54,+04:57:38.4,14.65,0.04,GDR2,M4.5V,4.5,\U4 \AP BV,,,,,,,,,,,,,,,15.3046,0.0022,PS1,14.9324,0.003,GDR2,,,,,,,13.0089,0.0011,GDR2,14.0214,0.0012,PS1,12.3603,0.018,PS1,11.6962,0.002,GDR2,9.75,0.024,9.094,0.024,8.782,0.02,AAA,2MASS,8.598,0.023,8.442,0.021,8.254,0.024,8.084,0.236,AAAB,WISE,7.953,0.1783,0.1788,0.1783,Ben16,0.1815,0.0045,bt-settl-cifist,3000,4.5,0,0.0038845486,5.038498E-05
72,BD+11 3149,GJ 3998,J17160+110,17:16:00.49,+11:03:22.2,18.16,0.02,GDR2,M1.0V,1,,,,19.935,0.101,GALEX,15.023,0.006,SDSS9,12.534,0.222,TYC2,12.343,0.08,UCAC4,11.547,0.03,UCAC4,11.0949,0.0017,GDR2,11.149,0.085,TYC2,10.844,0.02,UCAC4,9.9834,7E-04,GDR2,10.327,0.14,UCAC4,9.256,0,UCAC4,8.9671,0.0011,GDR2,7.634,0.021,7.02,0.029,6.816,0.016,AAA,2MASS,6.678,0.065,6.588,0.021,6.536,0.017,6.445,0.063,AAAA,WISE,5.521,0.5768,0.5471,0.5768,Ben16,0.5220,0.0126,bt-settl-cifist,3700,4.5,0,0.046739582,0.00123018
73,HD 156384 C,GJ 667C,,17:19:00.25,-34:59:52.0,7.245,0.005,GDR2,M1.5V,1.5,,,,,,,,,,,,,11.873,0.03,UCAC4,11.092,0.03,UCAC4,10.6147,0.0027,GDR2,,,,10.268,0.04,UCAC4,9.3803,7E-04,GDR2,9.735,0.08,UCAC4,8.61,0,UCAC4,8.3113,0.0016,GDR2,6.848,0.021,6.322,0.044,6.036,0.02,AAA,2MASS,5.886,0.058,5.591,0.032,5.704,0.016,5.515,0.042,AAAA,WISE,6.7357,0.355,0.3238,0.355,Ben16,0.3268,0.0080,bt-settl-cifist,3500,4.5,0,0.014945071,2.2527912E-04
74,CD-46 11540,GJ 674,,17:28:40.81,-46:53:56.3,4.550,0.001,GDR2,M2.5V,2.5,\U4\S9\PS1,,,,,,,,,11.381,0.066,TYC2,10.964,0.018,APASS9,10.253,0.014,APASS9,9.6814,0.003,GDR2,9.63,0.024,TYC2,9.507,0,APASS9,8.3306,0.0012,GDR2,,,,7.891,0,APASS9,7.2156,0.0037,GDR2,5.711,0.019,5.154,0.033,4.855,0.018,AAA,2MASS,4.763,0.231,4.312,0.112,4.505,0.015,4.362,0.027,BBAA,WISE,6.5652,0.3869,0.3508,0.3869,Ben16,0.3528,0.0085,bt-settl-cifist,3400,4.5,0,0.016744928,2.974833E-04
75,CD-51 10924,GJ 676A,,17:30:10.77,-51:38:16.0,16.035,0.010,GDR2,M0V,0,\PS1\C14\C15\U4 gr,,,,,,,,,11.472,0.083,TYC2,11.002,0.01,UCAC4,10.278,0,APASS9,9.8338,0.0016,GDR2,9.743,0.03,TYC2,9.918,0.01,UCAC4,8.8652,5E-04,GDR2,9.011,0,APASS9,8.368,0.01,UCAC4,7.9212,0.0019,GDR2,6.711,0.02,6.082,0.024,5.825,0.029,AAA,2MASS,5.8,0.112,5.717,0.047,5.736,0.015,5.62,0.047,BAAA,WISE,4.7997,0.6429,0.7007,0.7007,Del00,0.6304,0.0161,bt-settl-cifist,3900,4.5,0,0.08999685,0.0016252595
76,BD+68 946,GJ 687,,17:36:25.00,+68:20:01.2,4.550,0.001,GDR2,M3.0V,3,BEST g & W_ better,,,,,,15.465,0.021,SDSS9,11.077,0.058,TYC2,11.092,0,UCAC4,10.204,0.0686,PS1,9.4119,0.0038,GDR2,9.327,0.022,TYC2,9.392,0,UCAC4,8.0275,9E-04,GDR2,8.954,0.13,UCAC4,7.666,0.38,UCAC4,6.886,0.0025,GDR2,5.335,0.021,4.766,0.033,4.548,0.021,AEA,2MASS,4.397,0.094,3.763,0.061,4.182,0.015,4.064,0.018,BAAA,WISE_,6.2579,0.4458,0.4033,0.4458,Ben16,0.4017,0.0098,bt-settl-cifist,3400,4.5,0,0.0221078,4.91582E-04
77,CD-44 11909,GJ 682,,17:37:02.65,-44:19:23.7,5.007,0.002,GDR2,M3.5V,3.5,\U4\S9\PS1\C15\AP,,,,,,,,,,,,,,,,,,11.2234,0.005,GDR2,10.896,0.005,TYC2,,,,9.5702,0.0012,GDR2,,,,,,,8.3361,0.0029,GDR2,6.544,0.023,5.917,0.038,5.606,0.02,AAA,2MASS,5.373,0.098,5.117,0.074,5.232,0.023,5.086,0.034,AAAA,WISE,7.1079,0.2900,0.2708,0.2900,Ben16,0.2743,0.0068,bt-settl-cifist,3200,4.5,0,0.008118322,7.665148E-05
78,BD+18 3421,GJ 686,,17:37:54.36,+18:35:45.4,8.159,0.002,GDR2,M1.5V,1.5,NEW 2019,,,19.073,0.046,GALEX,,,,,,,11.063,0.040,UCAC4,10.564,0.150,UCAC4,9.840,0.001,GDR2,,,,9.637,0.120,UCAC4,8.739,0.001,GDR2,9.287,0.400,UCAC4,8.177,0.090,UCAC4,7.723,0.001,GDR2,6.360,0.023,5.790,0.020,5.572,0.020,AAA,2MASS,5.513,0.160,5.192,0.066,5.277,0.015,5.199,0.036,BAAA,WISE,6.0135,0.4923,0.4485,0.4923,Ben16,0.4417,0.0106,bt-settl-cifist,3700,4.5,0,0.027694719,0.0018210311
79,Barnard's star,V2500 Oph,,17:57:48.49,+04:41:40.5,1.827,0.001,GDR2,M3.5V,3.5,B wrong,,,,,,,,,11.683,0.085,TYC2,,,,10.572,0.07,UCAC4,9.8104,0.0031,GDR2,9.776,0.028,TYC2,9.54,0,GDR2,8.1950,0.0020,GDR2,9.288,0.000,UCAC4,7.756,0.040,UCAC4,6.970,0.0019,GDR2,5.244,0.020,4.834,0.034,4.524,0.020,AAA,2MASS,4.358,0.258,3.658,0.23,4.376,0.028,3.969,0.03,BBAA,WISE,8.2153,0.1554,0.0007,0.1554,Ben16,0.1603,0.0040,bt-settl-cifist,3200,4.5,0,0.0035576439,7.176509E-05
80,Kepler-83,KOI-898,,18:48:55.80,+43:39:56.0,405.01,5.23,GDR2,M0V,0.0,No SpT in .eu but Yes in .edu,,,,,,,,,,,,,,,16.968,0.0040,PS1,16.6185,0.0053,GDR2,,,,,,,15.7832,0.0005,GDR2,15.816,0.002,PS1,15.257,0.001,PS1,14.888,0.0019,GDR2,13.737,0.021,13.079,0.023,12.947,0.024,AAA,2MASS,12.880,0.023,12.891,0.024,13.228,,9.595,,AAUU,WISE,4.910,0.6396,0.6772,0.6772,Del00,0.6147,0.0161,bt-settl-cifist,4100,4.5,0,0.091852166,0.0029762096
81,Kepler-446,KOI-2842,,18:49:00.03,+44:55:15.6,96.6,0.5,GDR2,M4V,4,\T2\G\S9\U4\AP,,,,,,,,,,,,,,,18.0709,0.0029,PS1,17.7261,0.012,GDR2,,,,,,,16.3101,8E-04,GDR2,16.8359,0.0033,PS1,15.5929,0.002,PS1,15.1397,0.0022,GDR2,13.591,0.021,13.075,0.026,12.827,0.024,AAA,2MASS,12.709,0.047,12.484,0.045,12.488,0.378,8.93,,AACU,WISE,7.902,0.1834,0.1833,0.1834,Ben16,0.1860,0.0049,bt-settl-cifist,3400,4.5,0,0.0049739946,9.811871E-05
82,Kepler-303,KOI-1515,,18:52:32.51,+43:39:24.1,211.01,0.94,GDR2,M0V,0.0,No SpT in .eu but Yes in .edu,,,,,,,,,,,,16.263,0.08,UCAC4,15.608,0.030,UCAC4,15.1981,0.0031,GDR2,,,,14.946,0.01,UCAC4,14.3960,0.0004,GDR2,14.351,0.040,UCAC4,13.980,0.100,UCAC4,13.521,0.0012,GDR2,12.410,0.022,11.761,0.019,11.596,0.019,AAA,2MASS,11.550,0.023,11.550,0.02,11.224,0.115,9.237,,AABU,WISE,4.974,0.6363,0.6634,0.6634,Del00,0.6053,0.0152,bt-settl-cifist,4100,4.5,0,0.08756187,0.0017981741
83,Kepler-617,KOI-596,,18:54:57.77,+47:30:58.1,174.2,1.0,GDR2,M1V,1.0,No SpT in .eu but Yes in .edu,,,,,,,,,,,,,,,16.271,0.002,PS1,15.8974,0.0048,GDR2,,,,,,,14.8277,0.0007,GDR2,15.076,0.004,PS1,14.210,0.003,PS1,13.801,0.0022,GDR2,12.437,0.024,11.802,0.019,11.573,0.023,AAA,2MASS,11.491,0.023,11.462,0.02,11.191,0.086,9.477,,AAAU,WISE,5.368,0.5983,0.5794,0.5983,Ben16,0.5461,0.0137,bt-settl-cifist,3700,4.5,0,0.051232982,9.207556E-04
84,Kepler-236,KOI-817,,18:55:27.94,+39:53:53.5,291.2,2.3,GDR2,M1V,1.0,No SpT in .eu but Yes in .edu,,,,,,19.529,0.031,SDSS9,,,,17.435,0.01,UCAC4,16.691,0.040,UCAC4,16.3319,0.0042,GDR2,,,,16.131,0.01,UCAC4,15.3743,0.0005,GDR2,15.538,0.010,UCAC4,14.861,0.010,UCAC4,14.408,0.0013,GDR2,13.224,0.024,12.537,0.023,12.312,0.022,AAA,2MASS,12.223,0.023,12.237,0.02,12.252,0.263,9.367,,AABU,WISE,4.991,0.6353,0.6598,0.6598,Del00,0.6028,0.0154,bt-settl-cifist,3900,4.5,0,0.07550547,0.001811768
85,Kepler-235,KOI-812,,19:04:18.98,+39:16:41.7,433.2,6.7,GDR2,M0V,0,\A9 BV & SpT?,,,,,,19.885,0.043,SDSS9,,,,,,,17.299,0.005,SDSS9,16.807,0.005,GDR2,,,,,,,15.9695,6E-04,GDR2,15.972,0.004,SDSS9,15.402,0.004,SDSS9,15.069,0.0018,GDR2,13.952,0.026,13.278,0.023,13.12,0.03,AAA,2MASS,13.013,0.023,13.012,0.026,12.421,,9.033,,AAUU,WISE,4.9364,0.6383,0.6715,0.6715,Del00,0.6107,0.0165,bt-settl-cifist,4100,4.5,0,0.08797254,0.0033770693
86,Kepler-52,KOI-775,,19:06:57.12,+49:58:32.7,324.5,2.4,GDR2,M0V,0.0,No SpT in .eu but Yes in .edu,,,,,,,,,,,,17.108,0.07,UCAC4,16.462,0.010,UCAC4,15.8561,0.0053,GDR2,,,,15.716,0.01,UCAC4,15.0589,0.0007,GDR2,15.071,0.010,UCAC4,14.705,0.010,UCAC4,14.194,0.0014,GDR2,13.153,0.025,12.507,0.032,12.360,0.027,AAA,2MASS,12.268,0.023,12.300,0.02,12.264,0.217,9.256,,AABU,WISE,4.804,0.6428,0.6998,0.6998,Del00,0.6298,0.0162,bt-settl-cifist,4200,4.5,0,0.105302125,0.002533052
87,Kepler-155,KOI-438,,19:13:58.99,+51:04:54.9,296.0,2.3,GDR2,K:V,-5,\T2\G\S9 SpT K: not necessarily -5 (K3 Muirhead),,,,,,,,,,,,15.757,0.25,UCAC4,15.208,0.12,UCAC4,14.9047,0.0023,GDR2,,,,14.601,0.03,UCAC4,14.24,4E-04,GDR2,14.177,0.05,UCAC4,13.66,0.06,UCAC4,13.4704,0.0012,GDR2,12.533,0.033,11.888,0.037,11.805,0.03,EAA,2MASS,11.578,0.023,11.629,0.021,11.503,0.108,9.567,,AAAU,WISE,4.4486,0.6307,0.7740,0.7740,Del00,0.6806,0.0180,bt-settl-cifist,4400,4.5,0,0.17256226,0.0058460366
88,V1428 Aql,GJ 752A,J19169+051N,19:16:54.66,+05:09:47.4,5.912,0.002,GDR2,M2.5V,2.5,CARMENES - Public,,,,,,,,,11.007,0.055,TYC2,10.553,0.01,UCAC4,,,,9.3755,0.0024,GDR2,9.341,0.021,TYC2,9.144,0.01,UCAC4,8.0976,0.0011,GDR2,8.572,0.000,CMC15,,,,6.994,0.0021,GDR2,5.583,0.03,4.929,0.027,4.673,0.02,AAA,2MASS,4.466,0.076,3.930,0.05,4.375,0.014,4.271,0.03,BBAA,WISE_,5.8145,0.5286,0.4873,0.5286,Ben16,0.4745,0.0115,bt-settl-cifist,3500,4.5,0,0.032581307,3.950324E-04
89,Kepler-138,KOI-314,,19:21:31.54,+43:17:35.0,67.0,0.1,GDR2,M1V,1,,,,,,,,,,,,,14.621,0.05,UCAC4,13.87,0.06,UCAC4,13.4098,0.0022,GDR2,,,,13.168,0.03,UCAC4,12.4715,2E-04,GDR2,12.529,0.06,UCAC4,11.943,0.04,UCAC4,11.5274,0.001,GDR2,10.293,0.022,9.68,0.018,9.506,0.011,AAA,2MASS,9.378,0.023,9.355,0.019,9.261,0.03,9.384,,AAAU,WISE,5.3759,0.5972,0.5776,0.5972,Ben16,0.5449,0.0132,bt-settl-cifist,3900,4.5,0,0.057568584,7.5415266E-04
90,LSPM J1928+4437,Kepler-42,,19:28:52.70,+44:37:02.5,40.11,0.06,GDR2,M4V,4,\T2,,,,,,,,,,,,18.121,0.01,UCAC4,17.02,0.11,UCAC4,16.4535,0.0058,GDR2,,,,16.202,0.01,UCAC4,14.9931,5E-04,GDR2,15.564,0.08,UCAC4,14.375,0.07,UCAC4,13.8112,0.0015,GDR2,12.177,0.021,11.685,0.018,11.465,0.018,AAA,2MASS,11.257,0.023,11.065,0.02,10.935,0.077,9.007,,AAAU,WISE,8.449,0.1395,0.1413,0.1395,Ben16,0.1442,0.0035,bt-settl-cifist,3400,4.5,0,0.002901061,3.5558805E-05
91,Kepler-49,KOI-248,,19:29:10.68,+40:35:30.5,314.0,2.5,GDR2,M1V,1.0,No SpT in .eu but Yes in .edu,,,,,,,,,,,,17.110,0.01,UCAC4,16.459,0.02,UCAC4,16.0970,0.0038,GDR2,,,,15.883,0.02,UCAC4,15.2293,0.0005,GDR2,15.244,0.03,UCAC4,14.671,0.01,UCAC4,14.315,0.0012,GDR2,13.184,0.021,12.487,0.023,12.383,0.023,AAA,2MASS,12.253,0.023,12.285,0.02,12.234,0.318,9.372,,AABU,WISE,4.898,0.6401,0.6797,0.6797,Del00,0.6163,0.0158,bt-settl-cifist,4000,4.5,0,0.09462025,0.0023425794
92,LSPM J1930+4149,Kepler-1649,,19:30:00.71,+41:49:48.0,92.4,0.5,GDR2,M4:V,4,\S9\U4 one PS1 \AP BV REBEL,,,,,,,,,,,,,,,18.1869,0.006,PS1,17.8678,0.0078,GDR2,,,,,,,16.2681,0.001,GDR2,16.9676,0.0053,PS1,15.5488,0.0021,PS1,15.0481,0.0022,GDR2,13.379,0.023,12.852,0.02,12.589,0.026,AAA,2MASS,12.461,0.024,12.227,0.023,12.085,0.23,9.047,,AABU,WISE,7.7599,0.1987,0.1965,0.1987,Ben16,0.1992,0.0053,bt-settl-cifist,3300,4.5,0,0.005236747,1.0398843E-04
93,Kepler-45,KOI-254,,19:31:29.50,+41:03:51.0,386.0,6.5,GDR2,M1V,1,W W_ sim \U4 \AP BV,,,,,,,,,,,,,,,17.3368,0.0057,PS1,16.9738,0.0058,GDR2,,,,,,,15.9804,9E-04,GDR2,16.1443,0.0053,PS1,15.3925,0.002,PS1,14.9976,0.0031,GDR2,13.749,0.024,13.077,0.025,12.892,0.03,AAA,2MASS,12.805,0.023,12.838,0.024,12.763,0.447,9.09,,AACU,WISE,4.9588,0.6372,0.6667,0.6667,Del00,0.6074,0.0165,bt-settl-cifist,3800,4.5,0,0.08069495,0.0033888647
94,Kepler-231,KOI-784,,19:35:53.61,+50:31:54.7,319.5,3.3,GDR2,M1V,1.0,No SpT in .eu but Yes in .edu,,,,,,,,,,,,17.018,0.01,UCAC4,16.219,0.130,UCAC4,16.2069,0.0040,GDR2,,,,15.893,0.01,UCAC4,15.3896,0.0006,GDR2,15.249,0.010,UCAC4,14.888,0.003,PS1,14.509,0.0040,GDR2,13.405,0.022,12.775,0.023,12.589,0.026,AAA,2MASS,12.535,0.023,12.545,0.02,12.357,0.239,9.104,,AABU,WISE,5.067,0.6300,0.6436,0.6436,Del00,0.5917,0.0154,bt-settl-cifist,4100,4.5,0,0.081761524,0.0026080203
95,Kepler-54,KOI-886,,19:39:05.74,+43:03:22.3,273.8,2.9,GDR2,M1V,1.0,No SpT in .eu but Yes in .edu,,,,,,,,,,,,,,,17.217,0.003,PS1,16.8188,0.0070,GDR2,,,,,,,15.8133,0.0006,GDR2,15.983,0.003,PS1,15.210,0.002,PS1,14.816,0.0017,GDR2,13.508,0.023,12.897,0.024,12.648,0.021,AAA,2MASS,12.573,0.024,12.519,0.02,12.666,0.443,9.448,,AACU,WISE,5.461,0.5856,0.5597,0.5856,Ben16,0.5315,0.0135,bt-settl-cifist,3800,4.5,0,0.047979005,0.0014004315
96,Kepler-252,KOI-912,,19:42:19.04,+44:32:45.3,383.6,3.5,GDR2,M0V,0.0,No SpT in .eu but Yes in .edu,,,,,,,,,,,,16.900,0.01,UCAC4,16.224,0.060,UCAC4,15.7353,0.0020,GDR2,,,,15.566,0.01,UCAC4,15.0293,0.0004,GDR2,15.045,0.030,UCAC4,14.688,0.070,UCAC4,14.232,0.0014,GDR2,13.240,0.025,12.650,0.022,12.466,0.018,AAA,2MASS,12.453,0.023,12.520,0.02,12.480,0.274,9.550,,AABU,WISE,4.547,0.6379,0.7538,0.7538,Del00,0.6665,0.0170,bt-settl-cifist,4300,4.5,0,0.14212687,0.004178401
97,Kepler-32,KOI-952,,19:51:22.15,+46:34:27.7,326.9,3.4,GDR2,M1V,1,\U4\S9\G\T2\AP,,,,,,,,,,,,,,,17.1832,0.0073,PS1,16.8076,0.0059,GDR2,,,,,,,15.8123,6E-04,GDR2,15.9635,0.0019,PS1,15.2264,0.0022,PS1,14.8305,0.0019,GDR2,13.616,0.023,12.901,0.024,12.757,0.024,AAA,2MASS,12.57,0.023,12.6,0.024,12.55,0.357,9.418,,AACU,WISE,5.1853,0.6194,0.6182,0.6182,Del00,0.5741,0.0149,bt-settl-cifist,3900,4.5,0,0.06501256,0.0018790535
98,Kepler-125,KOI-251,,19:53:01.95,+47:36:18.0,184.3,1.0,GDR2,M1V,1.0,No SpT in .eu but Yes in .edu,,,,,,,,,,,,15.082,0.07,UCAC4,14.743,0.010,UCAC4,15.7564,0.0043,GDR2,,,,14.611,0.04,UCAC4,14.7675,0.0005,GDR2,14.376,0.010,UCAC4,13.999,0.110,UCAC4,13.789,0.0022,GDR2,12.484,0.022,11.869,0.021,11.682,0.019,AAA,2MASS,11.543,0.022,11.553,0.02,11.146,0.084,9.046,0.41,AAAC,WISE,5.354,0.6000,0.5822,0.6000,Ben16,0.5482,0.0136,bt-settl-cifist,3800,4.5,0,0.05586651,9.589541E-04
99,Kepler-186,KOI-571,,19:54:36.66,+43:57:18.0,178.5,0.8,GDR2,M1V,1,\S9\G\T2,,,,,,,,,,,,16.731,0.01,UCAC4,16.177,0.04,UCAC4,15.5356,0.004,GDR2,,,,15.29,0.01,UCAC4,14.5994,4E-04,GDR2,14.664,0.11,UCAC4,14.116,0.16,UCAC4,13.6491,0.001,GDR2,12.473,0.026,11.824,0.033,11.605,0.018,AAA,2MASS,11.502,0.023,11.49,0.021,10.309,0.043,8.022,0.149,AAAB,WISE,5.3467,0.601,0.5838,0.601,Ben16,0.5493,0.0136,bt-settl-cifist,3900,4.5,0,0.057127886,0.0014474479
100,Kepler-445,KOI-2704,,19:54:56.72,+46:29:56.8,127.7,1.0,GDR2,M4V,4,\T2\G\S9\AP,,,,,,,,,,,,,,,18.7974,0.0051,PS1,18.5167,0.0211,GDR2,,,,,,,16.7157,0.0011,GDR2,17.5785,0.0037,PS1,15.9809,0.0042,PS1,15.4327,0.0036,GDR2,13.542,0.029,12.929,0.035,12.61,0.028,AAA,2MASS,12.499,0.023,12.346,0.023,11.533,0.114,9.356,,AABU,WISE,7.0798,0.2946,0.2745,0.2946,Ben16,0.2781,0.0077,bt-settl-cifist,3200,4.5,0,0.007758819,2.1121859E-04
101,Kepler-267,KOI-1078,,19:59:19.34,+47:09:27.3,267.0,2.5,GDR2,M1V,1.0,No SpT in .eu but Yes in .edu,,,,,,,,,,,,,,,16.774,0.003,PS1,16.3973,0.0043,GDR2,,,,,,,15.4693,0.0006,GDR2,15.563,0.003,PS1,14.903,0.001,PS1,14.521,0.0019,GDR2,13.334,0.025,12.675,0.030,12.485,0.024,AAA,2MASS,12.350,0.023,12.367,0.02,12.090,0.213,9.382,0.48,AABC,WISE,5.352,0.6002,0.5826,0.6002,Ben16,0.5485,0.0141,bt-settl-cifist,3900,4.5,0,0.058425117,0.0015513146
102,HD 204961,GJ 832,,21:33:33.90,-49:00:45.1,4.965,0.001,GDR2,M1.5V,1.5,,20.786,0.288,18.386,0.055,GALEX,,,,10.54,0.036,TYC2,10.438,0.01,UCAC4,10.487,0.03,UCAC4,8.9197,0.0012,GDR2,8.846,0.015,TYC2,9.485,0.08,UCAC4,7.7376,7E-04,GDR2,9.19,0.05,UCAC4,7.864,0,UCAC4,6.676,0.0014,GDR2,5.349,0.032,4.766,0.256,4.501,0.018,ADE,2MASS,4.298,0.297,3.775,0.183,4.157,0.013,4.052,0.025,BBAA,WISE,6.0214,0.4909,0.4470,0.4909,Ben16,0.4404,0.0105,bt-settl-cifist,3600,4.5,0,0.029206133,0.001112671
103,BD-05 5715,GJ 849,J22096-046,22:09:41.52,-04:38:27.0,8.803,0.004,GDR2,M3.5V,3.5,,,,,,,14.529,0.005,SDSS9,11.924,0.115,TYC2,11.885,0.03,UCAC4,11.113,0.02,UCAC4,10.6321,0.0031,GDR2,10.526,0.054,TYC2,10.365,0.03,UCAC4,9.2245,7E-04,GDR2,9.774,0.02,UCAC4,8.489,0.02,UCAC4,8.0856,0.0016,GDR2,6.51,0.024,5.899,0.044,5.594,0.017,AAA,2MASS,5.57,0.116,5.183,0.064,5.307,0.015,5.177,0.036,BAAA,WISE,5.8709,0.5185,0.4762,0.5185,Ben16,0.4652,0.0111,bt-settl-cifist,3400,4.5,0,0.028245417,4.2342313E-04
104,LP 819-052,GJ 1265,J22137-176,22:13:43.79,-17:41:13.4,10.255,0.007,GDR2,M4.5V,4.5,CARMENES - Public,,,,,,,,,,,TYC2,15.373,0.03,UCAC4,14.376,0.010,UCAC4,13.9141,0.0030,GDR2,,,,13.672,0.01,UCAC4,12.0807,0.0006,GDR2,13.050,0.010,UCAC4,11.253,0.020,UCAC4,10.807,0.0018,GDR2,8.955,0.029,8.422,0.05,8.115,0.018,AAA,2MASS,7.969,0.024,7.753,0.02,7.611,0.020,7.348,0.16,AAAB,WISE,8.0602,0.1683,0.1698,0.1683,Ben16,0.1724,0.0042,bt-settl-cifist,3100,4.5,0,0.0036352277,4.6286314E-05
105,LP 700-6,K2-28,,22:22:29.60,-07:57:22.9,63.1,0.3,GDR2,M4V,4,,,,,,,19.297,0.003,SDSS9,,,,17.876,0.22,UCAC4,16.813,0.07,UCAC4,16.3207,0.0098,GDR2,,,,16.061,0.01,UCAC4,14.6799,8E-04,GDR2,15.474,0.01,UCAC4,13.94,0.01,UCAC4,13.4326,0.0024,GDR2,11.695,0.03,11.028,0.023,10.746,0.023,AAA,2MASS,10.591,0.022,10.466,0.02,10.381,0.086,8.636,,AAAU,WISE,6.7455,0.3532,0.3223,0.3532,Ben16,0.3253,0.0083,bt-settl-cifist,3200,4.5,0,0.011676773,2.2866484E-04
106,K2-21,EPIC 206011691,,22:41:12.91,-14:29:21.6,83.8,0.3,GDR2,M0V,0,,21.971,0.410,21.645,0.302,GALEX,,,,,,,14.126,0.03,UCAC4,13.524,0.01,UCAC4,13.1027,0.0019,GDR2,,,,12.846,0.03,UCAC4,12.2785,3E-04,GDR2,12.326,0.01,UCAC4,11.767,0.02,UCAC4,11.4005,0.0012,GDR2,10.251,0.021,9.633,0.022,9.417,0.02,AAA,2MASS,9.407,0.023,9.379,0.02,9.399,0.042,9.031,0.528,AAAC,WISE,4.7996,0.6429,0.7007,0.7007,Del00,0.6303,0.0159,bt-settl-cifist,4100,4.5,0,0.097781815,0.001363826
107,LHS 3844,LEHPM 5027,,22:41:59.09,-69:10:19.6,14.891,0.011,GDR2,m4:,4.0,,,,,,,,,,,,,16.942,0.041,APASS9,15.922,0.063,APASS9,15.4512,0.0073,GDR2,,,,15.240,0.032,APASS9,13.3925,0.0007,GDR2,14.541,0.032,APASS9,12.622,0.095,APASS9,12.052,0.0028,GDR2,10.046,0.023,9.477,0.023,9.145,0.023,AAA,2MASS,8.944,0.023,8.757,0.02,8.519,0.022,8.658,0.33,AAAB,WISE,8.280,0.1506,0.1529,0.1506,Ben16,0.1556,0.0039,bt-settl-cifist,3000,4.5,0,0.0027101003,2.8810926E-05
108,IL Aqr,GJ 876,J22532-142,22:53:17.75,-14:15:59.7,4.676,0.002,GDR2,M4.0V,4,,22.627,0.416,20.070,0.093,GALEX,,,,12.194,0.163,TYC2,11.755,0.020,UCAC4,10.919,0,UCAC4,10.4773,0.0037,GDR2,10.433,0.047,TYC2,10.195,0.03,UCAC4,8.8753,0.0014,GDR2,9.593,0,CMC15,8.296,0.05,UCAC4,7.6618,0.0019,GDR2,5.934,0.019,5.349,0.049,5.01,0.021,AAA,2MASS,4.863,0.243,4.448,0.14,4.636,0.015,4.523,0.031,BBAA,WISE,6.6607,0.3689,0.3355,0.3689,Ben16,0.3381,0.0083,bt-settl-cifist,3200,4.5,0,0.012926352,3.0112293E-04
109,2MUCD 12171,TRAPPIST-1,J23064-050,23:06:30.33,-05:02:36.5,12.43,0.02,GDR2,M8.0V,8,BEST PS1 \U4\C15\AP,,,,,,20.999,0.121,SDSS9,,,,,,,19.3306,0.0023,PS1,18.9982,0.0476,GDR2,,,,,,,15.6451,0.0014,GDR2,17.874,0.0037,PS1,15.092,0.004,SDSS9,14.0967,0.0086,GDR2,11.354,0.022,10.718,0.021,10.296,0.023,AAA,2MASS,10.068,0.023,9.807,0.02,9.51,0.044,8.565,,AAAU,WISE,9.8237,0.0873,0.0839,0.0873,Ben16,0.0898,0.0024,bt-settl-cifist,2500,4.5,0,5.378175E-04,5.7311827E-06